Model-Sampler,gaussian_mixture,gaussian_mixture_std,gaussian_mixture_time,gaussian_mixture_time_std,sir,sir_std,sir_time,sir_time_std,gaussian_linear,gaussian_linear_std,gaussian_linear_time,gaussian_linear_time_std,gaussian_linear_uniform,gaussian_linear_uniform_std,gaussian_linear_uniform_time,gaussian_linear_uniform_time_std,lotka_volterra,lotka_volterra_std,lotka_volterra_time,lotka_volterra_time_std,slcp,slcp_std,slcp_time,slcp_time_std,two_moons,two_moons_std,two_moons_time,two_moons_time_std,bernoulli_glm,bernoulli_glm_std,bernoulli_glm_time,bernoulli_glm_time_std,slcp_distractors,slcp_distractors_std,slcp_distractors_time,slcp_distractors_time_std,bernoulli_glm_raw,bernoulli_glm_raw_std,bernoulli_glm_raw_time,bernoulli_glm_raw_time_std,sampler,model
flow_matching-ode-euler,0.6645600020885467,0.049177833435139595,4.135696782916784,0.057906139003929685,0.5965200066566467,0.04831441530485841,4.096314519364387,0.052126616611154836,0.5057299971580506,0.0035656813425615063,4.011961731314659,0.06240410293744674,0.5086949944496155,0.003619358886936494,4.216195151722059,0.06229054413896283,0.9052749931812286,0.05985626919956577,4.232731543248519,0.07096136694726697,0.730774998664856,0.07465308351876523,4.122204247536137,0.0651601053711393,0.6223399996757507,0.05757495167538391,4.140235211048275,0.05016985380423802,0.5614400029182434,0.035712383167006104,4.221422813879326,0.08021103008392332,0.7660650074481964,0.08846670896325781,4.107607631757856,0.04963562845541112,0.5501200020313263,0.021116003792253136,4.352167910395655,0.11138869970708683,ode-euler,flow_matching
flow_matching-ode-rk45,0.6656899988651276,0.049103382976861266,25.092218059115112,0.05784572378700091,0.5990000009536743,0.047823004577156526,24.864022539928555,0.0622649552968555,0.49873500168323515,0.0022984861438136066,24.419730446487666,0.07778720575829415,0.5056199967861176,0.0021267658402117444,25.560692829173057,0.08150553863546076,0.9070700109004974,0.05846294273977617,25.751652923366056,0.12721703221077157,0.7281599998474121,0.07464838156993556,25.01215093722567,0.05914542285405972,0.6188399970531464,0.05874075375077894,25.045768150594085,0.07571549362633344,0.5594549953937531,0.034534439463571015,25.616625804128127,0.10476955358684648,0.7660400032997131,0.08845611102864435,24.75472245151177,0.1020553869151038,0.547255003452301,0.021112977187166763,26.086401530494914,0.7055317088481156,ode-rk45,flow_matching
flow_matching-ode-tsit5,0.6652600049972535,0.050325966270680894,25.180981485918164,0.05953253446039405,0.5989050030708313,0.04607309372525202,24.85887845358811,0.08956150662125359,0.502580001950264,0.0035218756199683387,24.43499870165251,0.04685254577329533,0.5057300001382827,0.005059402776549937,25.51321713142097,0.113203456260053,0.9061550021171569,0.059575963467286136,25.735586944315582,0.12025855618154332,0.7303599894046784,0.07300675328642516,25.00683842622675,0.05877393977521413,0.6227450013160706,0.05548657130161533,25.085504597332328,0.08626550049879138,0.5626649975776672,0.03943605091160383,25.637686442071573,0.12462319179835091,0.7659050047397613,0.08952079468399501,24.799439905490726,0.06367711986532928,0.5487549901008606,0.020784596754992394,26.289809656923172,0.6428957445736665,ode-tsit5,flow_matching
flow_matching-ode-rk45-adaptive,0.6645200073719024,0.051368300399416575,2.726303192321211,0.060432459957967186,0.5981349945068359,0.04690002944481635,2.7088859517592936,0.06279622220713621,0.5012550085783005,0.003387655969429586,2.58023039419204,0.03188186763413948,0.5062100023031235,0.004447128949818462,2.7033990670461208,0.028688983793588144,0.906395000219345,0.05834982435682462,2.7168644694145767,0.04035097848323977,0.7299749970436096,0.07415049150171088,2.6705657332204282,0.04288135718038256,0.6225149989128113,0.05618863455026381,3.0647372574545444,0.16638045898992243,0.5575350046157836,0.0365865208660999,2.7039458089508117,0.04937652350123024,0.7664949893951416,0.08906521930354537,2.6486629902850836,0.04617028859429456,0.5475649952888488,0.02222551539362825,2.824044110404793,0.17111581735405806,ode-rk45-adaptive,flow_matching
flow_matching-ode-tsit5-adaptive,0.663620001077652,0.0501283108428271,2.7753963839262723,0.05503091307846965,0.5987249970436096,0.04752185906243905,2.7306391502264886,0.061822965793857786,0.5005800008773804,0.0030405763161594815,2.5818018808960916,0.03580758303328344,0.5080999910831452,0.0033291825818691635,2.701195191917941,0.03801709931267423,0.9060400009155274,0.059602604859282676,2.754100973950699,0.052016589806321956,0.7293950021266937,0.07606228401588652,2.6776756567880513,0.06869649408472252,0.6152400016784668,0.06169281169024181,3.23324655611068,0.18838785890976648,0.5589249968528748,0.0357826648351448,2.6996341648045927,0.03830759270937283,0.7655350089073181,0.08742279291036716,2.6452659490983934,0.04842638824253848,0.5465699970722199,0.020439123440879507,2.7266772068920546,0.09708353455700669,ode-tsit5-adaptive,flow_matching
flow_matching_edm-ode-euler,0.6423900067806244,0.04939211049187087,4.146292181266472,0.07155896756245783,0.577524995803833,0.053978064703979346,4.271833852410782,0.18717251302392698,0.5020850002765656,0.003069288730983405,4.347057170013431,0.2095151074396165,0.5072249889373779,0.002930029719327843,4.12442378057167,0.07046943233406139,0.8936550080776214,0.0791364180889843,4.132880570413545,0.05867533178378179,0.6898450016975403,0.1004292103593586,4.087135775946081,0.058458289526331454,0.6087699949741363,0.0535918419042465,4.191051822435111,0.06569259607657175,0.5562550008296967,0.03248024860931681,4.147710366128012,0.05963238785199037,0.7241600036621094,0.09781141022937381,4.37993991067633,0.30266956716791,0.5483500063419342,0.02341565170179327,4.1413323398097415,0.12545137191574185,ode-euler,flow_matching_edm
flow_matching_edm-ode-rk45,0.6418799996376038,0.048447253276666664,25.22671094480902,0.08927617304768831,0.5792799949645996,0.05372081924971004,26.334582959499677,0.9243051871608698,0.502580001950264,0.0034152001505346314,25.660850178799592,0.6408002509619145,0.5055050015449524,0.003038787050581776,25.018748365994544,0.09956853967071844,0.8947350025177002,0.07805048286832901,25.031516408501194,0.06036427988495581,0.6906849980354309,0.10097645085532746,24.84696478047408,0.07815750254849382,0.6044350028038025,0.05465793830753819,25.450003036204727,0.09441304644412633,0.5599550068378448,0.03414537540603845,25.22619851869531,0.0756068570299454,0.7247649908065796,0.09762254745556075,25.29048654071521,0.9221842026195692,0.5495000123977661,0.0252245481246864,25.405116861790884,0.8210023258665368,ode-rk45,flow_matching_edm
flow_matching_edm-ode-tsit5,0.6422100067138672,0.04772506098831535,25.27184592555277,0.0769634318213608,0.5790099978446961,0.05308542584323983,26.495499621308408,0.6612538252536435,0.501910001039505,0.003784954410582359,26.39138915530639,1.0716304773262133,0.5076650083065033,0.004072224002650646,25.039375314675272,0.1436068274686499,0.8956900000572204,0.07779607787843555,25.043203711137174,0.07676764280021842,0.6922349989414215,0.1021820740291496,24.874022137979047,0.12129412294847818,0.6026049971580505,0.05252174516363017,25.488149316096678,0.05875936307585031,0.5535449981689453,0.03503461214851452,25.252177266497164,0.06662187875486639,0.7251599967479706,0.09677645433723617,25.252849694387987,0.5598595393007127,0.5501450002193451,0.02801245250620102,25.096648668008857,0.43821098214211807,ode-tsit5,flow_matching_edm
flow_matching_edm-ode-rk45-adaptive,0.641569995880127,0.04769921195061649,2.7930522479116915,0.062252915703983745,0.5776199996471405,0.05328388774266385,2.8485105292871595,0.07746983408833796,0.500834995508194,0.0036649743209114217,2.7869822968961673,0.19064368926892222,0.5076349914073944,0.002621936033776265,2.6501424777787177,0.03388069237682247,0.896004992723465,0.07759296502353155,2.6851977199781687,0.06098790402974628,0.6915649950504303,0.10188198015006644,2.8231665750499815,0.1223410752733273,0.6044700026512146,0.053358407723838375,3.3459088736213745,0.1926259252229425,0.5563199996948243,0.030148767087958023,2.662543114973232,0.035741815349496824,0.7253850162029266,0.09645136911888941,3.006814394425601,0.25014861484384615,0.5479900002479553,0.023618641066025504,2.6475502753048206,0.12221543629018464,ode-rk45-adaptive,flow_matching_edm
flow_matching_edm-ode-tsit5-adaptive,0.6425650119781494,0.04759572612953429,2.8722134317737074,0.09290338941445116,0.5790750026702881,0.05289738371389992,3.0075642449897715,0.14373312293812496,0.5004550009965897,0.005378962647938191,2.701828963123262,0.08641711213460296,0.5074300110340119,0.0036585622642564485,2.6539703813847155,0.03833223605166717,0.8949900031089782,0.07785049793705157,2.7244559628888965,0.023526523684694052,0.6921449959278106,0.10216562546915785,2.8137669628486037,0.09025836606259145,0.6045349955558776,0.05456386312578116,3.360597575781867,0.229099690285239,0.5528899967670441,0.032025153882906755,2.6566560841631146,0.04179139397238243,0.7245399951934814,0.09752191770902156,2.812093311897479,0.10681046199782655,0.5480949938297272,0.026604654569030238,2.639655593596399,0.07655154651484596,ode-tsit5-adaptive,flow_matching_edm
ot_flow_matching-ode-euler,0.6909449934959412,0.07177505294154532,5.874207852222026,0.010826606409001223,0.5979550004005432,0.07111279990069216,6.36747606350109,0.24429198918449396,0.5040450066328048,0.004602035080927388,5.857189075322822,0.024116556197234667,0.5049949944019317,0.0040489790982627,5.98070156914182,0.04886752335576376,0.9093400001525879,0.05731220414622318,5.80455203698948,0.02088828665952871,0.7034850060939789,0.09611199768676593,5.63299971204251,0.02364920638320548,0.6455500066280365,0.07105730064094752,5.882862201239914,0.05349636954448788,0.56005499958992,0.033917727618581195,5.9667015839368105,0.06002742618379929,0.7599799990653991,0.09040901881263078,5.832910824753344,0.04387427168622757,0.5469399869441987,0.02116597006900609,5.759094684175215,0.022279277304700813,ode-euler,ot_flow_matching
ot_flow_matching-ode-rk45,0.6885350048542023,0.0718350483923262,36.88583771036938,0.08942663116694975,0.6003050029277801,0.06777546041891082,35.81006796252914,0.5595972255912531,0.5020649939775467,0.003507916825613032,36.53420601091348,0.3829843340451846,0.50764000415802,0.0026205730671098482,37.69828693391755,0.18904967406541423,0.9102950036525727,0.05541527445736213,36.28304402395152,0.12599729301440252,0.7043949961662292,0.09604390449200467,35.29426840362139,0.05964516414353448,0.6422550022602082,0.07388658269354616,36.70290599199943,0.14830486069403478,0.5590099990367889,0.03531056405604298,37.03594340216368,0.21341690333506075,0.7585600078105926,0.08989025164605331,36.83135320041329,0.2724673852084005,0.5468949973583221,0.02265830679345107,36.03546363476198,0.06789117188662,ode-rk45,ot_flow_matching
ot_flow_matching-ode-tsit5,0.6887349903583526,0.0726981433145652,37.02403616770171,0.11328928055955537,0.6012799978256226,0.06830892721158918,37.44506262647919,0.1796542322087986,0.5012050062417984,0.0032380959661096665,35.94301353781484,0.3081136434974298,0.5068299978971481,0.0037421348426662083,37.49480717093684,0.16883293167116328,0.9111250042915344,0.0553597467387052,36.28044783230871,0.1353786894462279,0.7032200038433075,0.097916940651819,35.463663891842586,0.07044428976218495,0.6439050018787384,0.07622563132118881,36.92089883466251,0.2651930135382033,0.5562399983406067,0.03570141504902589,37.10242940373719,0.21424489650822065,0.7585900068283081,0.0893582735782885,37.07045882716775,0.5023103877832361,0.5457800030708313,0.022338391784125645,36.129400136461484,0.08026105138922023,ode-tsit5,ot_flow_matching
ot_flow_matching-ode-rk45-adaptive,0.6874700009822845,0.07225833715157107,10.467048981320113,1.3826043379209052,0.6011800050735474,0.06657008271697212,11.951282727578654,1.476745067918408,0.5021349996328354,0.0035007874112677863,11.830173324793577,0.8606531635824377,0.5070150017738342,0.003683753935133797,16.32214711974375,0.8568039912418867,0.9112149953842164,0.05472339030588585,24.155480642803013,4.847695747422245,0.7039349973201752,0.09784192389071356,23.340135760698466,3.9983788454594893,0.6447450041770935,0.07344368734849493,11.34853581194766,2.65444161123075,0.5613900005817414,0.03780248975194986,18.492677473649383,2.9703033426811265,0.7592650055885315,0.09111386182162613,24.767902183160185,4.504457838684875,0.5466799974441529,0.024759836884043082,37.18749407194555,3.9255522815671497,ode-rk45-adaptive,ot_flow_matching
ot_flow_matching-ode-tsit5-adaptive,0.6890600025653839,0.07150935542396981,78.62261874196119,4.360828684257737,0.6020200073719024,0.06751215908308211,83.25137325185351,1.977401628298352,0.501145002245903,0.004643308953002558,76.70775765525177,2.6488320769653626,0.5082649946212768,0.0041081672035198575,80.63075911053457,0.7836691662579583,0.9112150013446808,0.05626007307132992,94.38023403426632,3.3651976702250614,0.705035001039505,0.09582857729064062,92.82527886969038,3.444439485476081,0.6465049982070923,0.06884377236337438,81.67215110184625,3.9473570808797596,0.5604100048542022,0.03770179538692719,85.78694586902857,3.222429546314136,0.7597150087356568,0.0904622436561168,96.43270318042487,4.615208866094569,0.5447499930858613,0.020140396937561745,96.92984982226044,0.29659114215352284,ode-tsit5-adaptive,ot_flow_matching
ot_flow_matching_offline-ode-euler,0.6944299936294556,0.06841198401517096,5.963360264804214,0.04995604665917287,0.6090300023555756,0.077596995068066,5.850791663862765,0.04078820308787409,0.7407600104808807,0.10726643536625594,6.023950006300583,0.034077405217149935,0.6112949907779693,0.04071416970576915,6.019593620765955,0.024260195036891644,0.923530000448227,0.060570266627064454,5.945231882599183,0.030374574955283874,0.8946600019931793,0.045873099807746426,5.98051052915398,0.02722773548789428,0.6516699910163879,0.07401092090520275,5.900780084915459,0.11247111941712619,0.6408649981021881,0.04445332695216637,5.8383820684626695,0.04782034605958098,0.9677550077438355,0.025645979352878243,5.920446418132633,0.03389411259331829,0.8589049935340881,0.05354288169628494,5.904411086067557,0.02757705304160792,ode-euler,ot_flow_matching_offline
ot_flow_matching_offline-ode-rk45,0.6943700075149536,0.06857211759955867,37.56386273112148,0.14858115004596256,0.6114050030708313,0.07502833437005088,36.543793100351465,0.14836206122392953,0.7413199961185455,0.10601092906236233,37.701066226279366,0.22604494669765118,0.610654991865158,0.03897316071804328,37.522853943472725,0.21634840113930542,0.9240450024604797,0.06024362127266046,37.253006532462315,0.1219019851835331,0.8945049941539764,0.046162220009205716,37.2939564245753,0.15968500556309598,0.651529997587204,0.07375214591809277,36.8359923528973,0.2881819862072523,0.6418799996376038,0.04469838703928788,36.991356464102864,0.12914602587165297,0.9669649958610534,0.026778759423852563,37.008021738100794,0.08644049252022444,0.8572849988937378,0.05357560065136224,36.94888806762174,0.15025015946913492,ode-rk45,ot_flow_matching_offline
ot_flow_matching_offline-ode-tsit5,0.6929399967193604,0.06827636670566307,37.53270890335553,0.14423667286011338,0.6120049953460693,0.07381902915125818,36.63825023737736,0.08926262227399526,0.7426400005817413,0.1053379986491382,37.6625506487675,0.1829812041299061,0.6103950023651123,0.04015811374624988,37.41454482749104,0.16817383432239055,0.924430000782013,0.05962743697203842,37.27077556764707,0.12616710534115183,0.8945350050926208,0.04512255738326011,37.347208937024696,0.20995785164755265,0.6545499980449676,0.0717538766109869,37.06494854651392,0.20776241831738695,0.640955001115799,0.04358255977030651,36.01584259532392,0.8565516642105544,0.9670649945735932,0.02662962333290253,37.03139881319366,0.1260795319362636,0.8576199948787689,0.053055984087052345,37.18076851926744,0.19048726524625395,ode-tsit5,ot_flow_matching_offline
ot_flow_matching_offline-ode-rk45-adaptive,0.6927850008010864,0.06878427699227958,10.472132810484618,1.6686913080499108,0.6135249972343445,0.07257750281707365,11.804784783022479,1.3977918922334376,0.7424700021743774,0.10457983841186899,28.600254642218353,6.5375276351380975,0.6098349988460541,0.03869711797272803,25.224919038685037,4.018975857040227,0.9243549942970276,0.05939811343949036,26.86975061092526,5.55276024010692,0.8947250068187713,0.04579653285973822,32.753263959428295,8.07783704914864,0.6519299924373627,0.07201929145158219,11.41040552337654,2.2329959975438465,0.6386599898338318,0.04610070982557176,19.661585155595095,3.4829825966585206,0.9673499941825867,0.025759038537844343,42.23197552957572,7.1166990312400955,0.8579450011253357,0.054365716418511574,47.41455299207009,2.8167557082744277,ode-rk45-adaptive,ot_flow_matching_offline
ot_flow_matching_offline-ode-tsit5-adaptive,0.6922850012779236,0.06866504891379623,78.73871182859875,4.68077291118427,0.6113699913024903,0.07347688901563226,81.34954468621872,3.065384851052494,0.740625,0.1055786697223347,99.3198596555274,3.890641862673767,0.6102349996566773,0.04115781310923771,99.17436662288382,3.2092536041515194,0.9252499938011169,0.059512705283981296,98.23137283730321,3.828137792596445,0.8941250026226044,0.04477251540609131,98.54194187303074,1.704497048760523,0.6515100002288818,0.07247402453141981,80.28884220253676,4.259080279901494,0.6367449998855591,0.04493177043901245,84.90579083147459,5.065577450449272,0.9671700060367584,0.027083090012959575,99.93615800458937,0.6368450458245435,0.8573249936103821,0.05296358661004447,101.27876160708256,0.16891630482432116,ode-tsit5-adaptive,ot_flow_matching_offline
ot_partial_flow_matching-ode-euler,0.7136799931526184,0.08704405229210267,5.889816699968651,0.02516861029984758,0.6086699962615967,0.09060620244135471,6.184712444618344,0.1270151892157706,0.5206649899482727,0.008938737459998557,5.952396290609613,0.020993984784541102,0.5181749999523163,0.00823051308799119,5.901520403334871,0.0678510081970313,0.9214049935340881,0.04911809515252433,5.635711221955717,0.02976775161588405,0.7150450050830841,0.0843417901803705,5.74390071677044,0.02219695579830869,0.6792150020599366,0.10472273418213209,5.9326853197533636,0.025175351621222728,0.6048650085926056,0.08170429728486707,5.9137288014870135,0.052807354663208246,0.774275004863739,0.10224092040489423,5.617499984428287,0.021552521245829737,0.5772949993610382,0.04438232111611988,5.817631512368098,0.019177613626072676,ode-euler,ot_partial_flow_matching
ot_partial_flow_matching-ode-rk45,0.7139600038528442,0.08687749086086974,36.87539879414253,0.10115298519199468,0.6095699906349182,0.08989772220024037,38.395842095604166,0.3351476211590242,0.5173449993133545,0.008572259426906892,37.12284066248685,0.23811669028030405,0.5196850001811981,0.005451247435378212,37.378915884857996,0.2980428114622399,0.922409999370575,0.04784969580387024,35.30487576737069,0.15815147910714264,0.7162249922752381,0.08170021108837745,35.97111023487523,0.08623569655422941,0.6786800026893616,0.10424921759102669,37.221665730141105,0.12933908462464505,0.6048950016498565,0.08390512685476019,37.06148277940228,0.2117818630020925,0.7754700005054473,0.10084905706684881,35.23941420982592,0.08831731072715149,0.5720149934291839,0.045918571381855004,36.437517628865315,0.06789638781640821,ode-rk45,ot_partial_flow_matching
ot_partial_flow_matching-ode-tsit5,0.7138500034809112,0.08634386145045642,36.92323792972602,0.09938119158381854,0.6114800035953522,0.0887438284757206,38.2458623141516,0.6335751612821258,0.5192299962043763,0.007597446309491782,37.03189483527094,0.2172053323313484,0.51875,0.0065311157491895365,37.89722167076543,0.20746036951791338,0.9218649923801422,0.04883779957141026,35.52707683229819,0.2244962958266284,0.7163549959659576,0.08167551262201793,36.069968533888456,0.09412373504566926,0.6799050152301789,0.10472506925363385,37.21954086283222,0.1620583281338259,0.603380000591278,0.08316881750889171,37.04942156663164,0.210951566000897,0.7739149928092957,0.10249965985087234,35.279500174708666,0.07539220386390072,0.5733000040054321,0.04536723566739448,36.49806074346416,0.08938945760167943,ode-tsit5,ot_partial_flow_matching
ot_partial_flow_matching-ode-rk45-adaptive,0.7128350019454956,0.08722248620382235,10.123972353851423,0.9963193207549533,0.6103550016880035,0.0902671152724749,11.893950244178995,1.299913760271469,0.5171750009059906,0.009686591753597977,10.9419836465735,0.733116311359726,0.5191499888896942,0.0043706412493568145,14.391146063944324,0.6411543252994963,0.9230350017547607,0.04814898799833054,22.052053925348446,4.216732255972025,0.714674997329712,0.08391642756959543,21.89287463929504,3.8987537077066157,0.682354998588562,0.10223971868217245,11.349052041396499,1.847524202648695,0.6030399978160859,0.0837333083380311,16.629192559001968,1.463113662382848,0.7738099932670593,0.10161623015253177,23.512746234843508,3.2821600977408245,0.5756350040435791,0.0464444842465292,36.03185392310843,2.73633680458991,ode-rk45-adaptive,ot_partial_flow_matching
ot_partial_flow_matching-ode-tsit5-adaptive,0.7141900002956391,0.08612866417095846,77.90746012562886,3.6395891917974903,0.6099600076675415,0.08882856637981602,86.60246840165928,2.07243205608708,0.5172150015830994,0.009415696484246519,74.75928662721999,2.9172247034888272,0.5174350082874298,0.006482553391642381,84.39052468170412,0.7169707161129892,0.9222000062465667,0.04828848247612265,90.20236525153742,3.401770426672064,0.7142099916934967,0.0837176510265646,92.2018708972726,3.82203026225777,0.6808399975299835,0.10116891347924072,83.25630948832259,4.507276684282017,0.6027599990367889,0.08323889917034333,83.8662922680378,0.9709372065776236,0.7739199936389923,0.10241459057318386,93.52247057943605,2.63568852484236,0.5719749927520752,0.04709174622151254,98.02496134820395,0.37281224538799995,ode-tsit5-adaptive,ot_partial_flow_matching
cot_flow_matching-ode-euler,0.6833049952983856,0.07070744972973385,5.854817369719967,0.024658267805443092,0.5987900018692016,0.07173014069763135,5.655708738043904,0.05082413879212001,0.5021800011396408,0.0030803529670159454,5.8873933628201485,0.04086509572120732,0.5067949950695038,0.003598494889829526,5.942363168718293,0.03434515325088577,0.912880003452301,0.06134686936735755,5.79026341624558,0.02157005537680091,0.7196849942207336,0.09119402402027009,5.736939116916619,0.025833567356191346,0.6417100131511688,0.07626456861194711,5.9076038667466495,0.04616152075678568,0.5689200043678284,0.04180063922850294,5.666289115138352,0.05534687393854265,0.7527000129222869,0.0777077164765202,6.008083542436362,0.12145735688907142,0.5428099989891052,0.01848262358565312,5.995821462012827,0.1822438615353102,ode-euler,cot_flow_matching
cot_flow_matching-ode-rk45,0.6853600025177002,0.06946251355108389,36.64106727011968,0.07840356226530969,0.5993599951267242,0.07206593369285201,35.26866462477483,0.09717446054000113,0.5017349988222122,0.003316856311034419,36.84442593012936,0.2959642432951765,0.5069849967956543,0.0022253098687688147,35.979577358765525,0.6150796443410252,0.9138499975204468,0.06075679005158103,36.23437263523228,0.07275702286676114,0.7219249963760376,0.09145280687110036,36.05571000815835,0.0893625695669207,0.6443799912929535,0.07463880027122406,36.857324111741036,0.19254378655028628,0.5630549907684326,0.03822054135464678,35.53277301103808,0.21177764468113008,0.752839994430542,0.07758111587906641,38.68146913810633,0.9031720890283176,0.5423349976539612,0.018114218798158804,38.29642440462485,0.08477368778963149,ode-rk45,cot_flow_matching
cot_flow_matching-ode-tsit5,0.6864049971103668,0.06999280837329079,36.66602160849143,0.0869093874051838,0.5996150016784668,0.0712822199728736,35.387966519454494,0.08581886102705577,0.5008900046348572,0.0038955612604843187,35.44924110150896,0.12503511582683222,0.5062900006771087,0.0029839361223722156,35.69634377718903,0.12740553840542929,0.9138949990272522,0.059868245976609245,36.26743018142879,0.13844781495688144,0.7198850035667419,0.09238560624273616,36.18735799770802,0.08939411579429386,0.6421499967575073,0.0754907833507118,36.89159672507085,0.10247859847278916,0.5627750039100647,0.041770378703686724,35.66292002154514,0.1692639678389152,0.7521250009536743,0.0776892345283036,39.261163683375344,0.08425967040162095,0.539124995470047,0.01835607730244553,38.44645341322757,0.13729130717394727,ode-tsit5,cot_flow_matching
cot_flow_matching-ode-rk45-adaptive,0.6850350081920624,0.06992331212330581,10.233559856587089,1.0412492461863252,0.5989300072193146,0.07193639956067747,11.430220906343312,1.1386220334880903,0.5027500003576278,0.004280595963550091,11.718202765425668,0.8340687320584623,0.50657998919487,0.0035707882593501526,15.763482962409034,0.8066822682210026,0.914190000295639,0.059637405835605804,22.880055627319962,3.5203409731960322,0.7205350041389466,0.09265919181301456,23.80667901234701,4.322577428574585,0.6420300006866455,0.07472935992647915,11.33547615702264,2.3236088234952335,0.5646349906921386,0.039927359898593084,17.70974734304473,3.118820515483638,0.7542100012302398,0.07799527132746684,27.602776113245636,4.451885861217593,0.5459499955177307,0.018981845346594625,38.86446309625171,4.183324235810701,ode-rk45-adaptive,cot_flow_matching
cot_flow_matching-ode-tsit5-adaptive,0.6873150110244751,0.06913126243489007,78.17116875189822,3.5690299414493323,0.5999749958515167,0.07094583845068653,79.54405023558066,1.640523890418963,0.5017549932003021,0.002089666590298965,76.0987328751944,2.389679121404292,0.5070350021123886,0.004789003142958961,80.19187781726941,0.6011811840297878,0.9147249937057496,0.0599445787883918,93.99406033274718,3.8925005155348176,0.7193250060081482,0.09119907480491732,93.7512754640542,2.804110292238728,0.6382449924945831,0.0762890718505923,81.46986397095024,3.552922766108925,0.5625550031661988,0.03760002059766936,82.90555778183042,3.0864162701167355,0.7529900014400482,0.07803538974096778,104.6662213803269,1.79950593015011,0.5402350008487702,0.015088908195212311,101.43165867617354,0.32335722220980456,ode-tsit5-adaptive,cot_flow_matching
cot_partial_flow_matching-ode-euler,0.6995299935340882,0.07844627038153903,5.7908279676223176,0.03081938071371477,0.6044050037860871,0.07193298584293129,5.663280402682721,0.043481509266272374,0.5109350025653839,0.006977973283166764,5.872679443238303,0.04177346909420315,0.5115300059318543,0.006663260109046048,5.930034710932523,0.03308510615768455,0.915515011548996,0.058930756333806615,6.792416358320042,0.036340589656830874,0.7127600014209747,0.09605396809569595,6.044275086000562,0.02854908657841284,0.6626199960708619,0.09303510218548375,5.873122553993016,0.04396356783600714,0.5968999922275543,0.07240452154808759,6.037488503102213,0.09798291617342324,0.7476900041103363,0.09126223435656754,6.113966906443238,0.026799883258868458,0.5773799896240235,0.04952812040756126,5.953394748270512,0.13834206402586355,ode-euler,cot_partial_flow_matching
cot_partial_flow_matching-ode-rk45,0.6993049919605255,0.08051504085550054,36.29192795520648,0.08186996383801753,0.6070650041103363,0.07167224972004026,35.330925062065944,0.15031650333381893,0.5107750058174133,0.005732981377758429,36.689334373548625,0.0817149379115722,0.5094449877738952,0.004414887910310123,37.17958033788018,0.14250120343394906,0.916430002450943,0.05662989568838815,42.788773839175704,0.22363885481968374,0.7099099934101105,0.09619262580807997,37.6349173204042,0.21979585098339727,0.663130009174347,0.09250062654851479,37.330711119016634,0.2639953782295639,0.5991600096225739,0.07404906885450907,37.50321853910573,0.5593508288619536,0.7488200068473816,0.08860590452655788,38.297904949169606,0.14241110887366223,0.5759849905967712,0.050788779336106774,37.36602035206742,0.24377895052925858,ode-rk45,cot_partial_flow_matching
cot_partial_flow_matching-ode-tsit5,0.7008949935436248,0.07966913773174127,36.316379448981024,0.09003023907416323,0.6070400059223175,0.07201891961805132,35.41370563572273,0.1018054560958806,0.5085950076580048,0.00635477986509997,37.024492455879226,0.10644585122537692,0.5125850021839142,0.004075354761627072,37.281651538889854,0.15224149709929383,0.9154749929904937,0.057708473027552325,42.924212308460845,0.0994277721487326,0.7112250030040741,0.09585556554474432,37.752350049326196,0.3726869285269342,0.6628499984741211,0.09520639180195231,37.31974005745724,0.10726708683160865,0.5983250081539154,0.07400195215429319,37.25770195364021,0.11556601873082646,0.7464199960231781,0.09116864464390474,38.25775291896425,0.08137095002112459,0.5731100082397461,0.052206864243232044,37.50268241022714,0.21255710894295116,ode-tsit5,cot_partial_flow_matching
cot_partial_flow_matching-ode-rk45-adaptive,0.6997300028800965,0.07822145244371156,10.230202419357374,1.086664989739044,0.6063699960708618,0.0732820207340576,11.36751797781326,1.799001590464076,0.5124300062656403,0.006470412253728416,11.338822923367843,0.7933643072289497,0.5118900001049042,0.004079562038778903,14.832067088130861,0.7847925977809767,0.9158699870109558,0.05706804332407697,27.516844529099764,5.318247157530153,0.711030000448227,0.09487371131921767,23.644617864536123,4.7283506829204445,0.6615600049495697,0.09228238804400052,11.33006832851097,1.8701441271867199,0.5976400017738343,0.07261439152552769,16.850443095620722,1.72381882888776,0.7495050013065339,0.0886006979901983,24.5554625375662,3.204582944965131,0.5734050095081329,0.05133744528434853,36.85410547396168,2.5039696947435908,ode-rk45-adaptive,cot_partial_flow_matching
cot_partial_flow_matching-ode-tsit5-adaptive,0.7004349946975708,0.07968865839660486,77.5559430268826,2.9164386536840388,0.6060199916362763,0.0720340275268508,78.7498377750162,2.5076686173386418,0.510495001077652,0.007624473901523709,76.3176089189481,3.327228416023141,0.5120650053024292,0.004430507934478516,83.8583473185543,0.26332180730713745,0.9171499967575073,0.056781634086097044,112.90142890303396,3.687650454418452,0.7139650046825409,0.09570480929858724,97.46374995755032,5.916510136501339,0.6632300019264221,0.09449443153934742,84.72219826667569,4.781547617599072,0.5966700077056885,0.07255290130067228,84.53203420364298,1.2823244033101406,0.7479100048542022,0.09230386114469796,100.96761772623286,2.926051201239433,0.578520005941391,0.049531679289418824,101.44585522711277,0.5772975775132473,ode-tsit5-adaptive,cot_partial_flow_matching
consistency_model-ode-euler,0.6739200055599213,0.04634819604945135,0.10199885056354105,0.02550704960610091,0.6105799973011017,0.07699010175270288,0.10154327279888094,0.022089879124567585,0.5103350043296814,0.0038694361459902737,0.09731914065778255,0.020859857002796182,0.5351849973201752,0.006454813265493725,0.10171788558363914,0.024448387897404122,0.9512849986553192,0.03154767195888136,0.09933919021859765,0.02161118250730324,0.7514050006866455,0.05548448835100985,0.0980850589927286,0.02152050555507726,0.5664849996566772,0.05536827162217523,0.09788003360154107,0.020823278515020534,0.5712050080299378,0.039304754780795245,0.09807186014950275,0.021171315964045964,0.801785010099411,0.06914359361237586,0.09639240466058255,0.02043375448039933,0.5613499999046325,0.030743790620960186,0.10094737049657851,0.021803727350812013,ode-euler,consistency_model
consistency_model-ode-rk45,,,,,,,,,,,,,,,,,,,,,,,,,,,,,,,,,,,,,,,,,ode-rk45,consistency_model
consistency_model-ode-tsit5,,,,,,,,,,,,,,,,,,,,,,,,,,,,,,,,,,,,,,,,,ode-tsit5,consistency_model
consistency_model-ode-rk45-adaptive,,,,,,,,,,,,,,,,,,,,,,,,,,,,,,,,,,,,,,,,,ode-rk45-adaptive,consistency_model
consistency_model-ode-tsit5-adaptive,,,,,,,,,,,,,,,,,,,,,,,,,,,,,,,,,,,,,,,,,ode-tsit5-adaptive,consistency_model
stable_consistency_model-ode-euler,0.5801200032234192,0.016083227598271244,0.1491038788110018,0.024977406125437963,0.6123499929904938,0.034760433111437845,0.14900398664176465,0.024782511995910566,0.5853100061416626,0.004515475828986199,0.14871082645840944,0.02497446095174839,0.5451149940490723,0.005089596905946686,0.14801321420818567,0.026516953836609125,0.9262549996376037,0.04206788463009723,0.14734161775559187,0.025019729416899318,0.7659099936485291,0.06294425438643947,0.14603959703817965,0.025752324422882885,0.5658900022506714,0.024783906458549592,0.14864234938286244,0.025785600762730815,0.5575149953365326,0.03596269949501974,0.14765848736278714,0.025410597237391135,0.8189849972724914,0.06765469466742523,0.1477195531129837,0.025307912734531157,0.5821249902248382,0.038875421115064965,0.14779679495841264,0.02468807485009713,ode-euler,stable_consistency_model
stable_consistency_model-ode-rk45,,,,,,,,,,,,,,,,,,,,,,,,,,,,,,,,,,,,,,,,,ode-rk45,stable_consistency_model
stable_consistency_model-ode-tsit5,,,,,,,,,,,,,,,,,,,,,,,,,,,,,,,,,,,,,,,,,ode-tsit5,stable_consistency_model
stable_consistency_model-ode-rk45-adaptive,,,,,,,,,,,,,,,,,,,,,,,,,,,,,,,,,,,,,,,,,ode-rk45-adaptive,stable_consistency_model
stable_consistency_model-ode-tsit5-adaptive,,,,,,,,,,,,,,,,,,,,,,,,,,,,,,,,,,,,,,,,,ode-tsit5-adaptive,stable_consistency_model
diffusion_edm_vp-ode-euler,0.5139149993658065,0.013177820894543644,4.44378471551463,0.055853534184449855,0.5253250062465668,0.011100955726303662,4.351994029246271,0.050496004910605304,0.5037300050258636,0.003282325384110266,4.42425886169076,0.05164765356812976,0.5028500080108642,0.004582911819682582,4.491004248708487,0.07690680161560272,0.8313650012016296,0.0798968145886423,4.387141033541411,0.055719991122192766,0.6655300080776214,0.08242513158344343,4.41769183287397,0.042589940351686076,0.5106800019741058,0.009951440787198484,4.384700236283242,0.057919081055593916,0.5183899998664856,0.011641794459394469,4.328330112714321,0.05752546649639588,0.7074000000953674,0.08859624281868785,4.403793609328568,0.04657445117156813,0.5306800067424774,0.01792266589921421,4.393982157716527,0.05375555108203369,ode-euler,diffusion_edm_vp
diffusion_edm_vp-ode-rk45,0.5111950039863586,0.007355186588084384,26.12087977062911,0.059706140378056355,0.5228599905967712,0.009577152662640209,25.610362249147148,0.035016890467065145,0.5034749984741211,0.004251724119394589,25.976222195290028,0.05455072235170627,0.5058949947357178,0.004389393488260022,26.31942083584145,0.13402560411965023,0.8341300070285798,0.07813779206462441,25.89408572902903,0.2740675385922913,0.6672250092029571,0.08363166995003932,25.994490545801817,0.08045461172719799,0.5080349981784821,0.01032893549955158,25.723408913705498,0.08644232457169093,0.518500006198883,0.010736228765984233,25.52508046068251,0.0539882323159994,0.7065450012683868,0.08659660651258798,25.769232627376915,0.08096841353641819,0.5281449913978576,0.016330179081511874,25.753856737120078,0.05989264373277024,ode-rk45,diffusion_edm_vp
diffusion_edm_vp-ode-tsit5,0.5143199920654297,0.008381353473279151,26.17430996899493,0.07443350782808314,0.5220249950885772,0.011123388298982186,25.581479477509856,0.0659335566067573,0.5026100099086761,0.0038120054910847855,25.989961163233964,0.07078763338429485,0.5066250026226043,0.0032992581047731197,26.28157704761252,0.38052400527251706,0.8342100024223328,0.0775407904630922,25.918705127201974,0.415177401786142,0.6657700061798095,0.08452506189852707,26.036165517382322,0.057609486351242425,0.5057249963283539,0.0073790347476441484,25.739627291541545,0.07986478615529626,0.517154997587204,0.00810436981709075,25.320238553360106,0.19212561066422676,0.7063849925994873,0.08628185956030131,25.849385828059166,0.12245028630296666,0.5275350034236908,0.01550771887982458,25.774887861358003,0.07890073780795105,ode-tsit5,diffusion_edm_vp
diffusion_edm_vp-ode-rk45-adaptive,0.5126399993896484,0.01014730723135164,2.9173911065794527,0.08409286796701251,0.522775000333786,0.012068057973840867,2.7928274341858925,0.06345130322541533,0.504274994134903,0.0030477998594485986,2.7259236517362297,0.06273656452152078,0.5030849993228912,0.003699664511587172,2.664988059038296,0.051405198288102145,0.8343400001525879,0.07730357564627319,2.8339194509200754,0.06504125315198132,0.6658199965953827,0.08407409862886832,4.167162128724158,0.37450520557811307,0.5093150019645691,0.00943268046684268,3.6787159335799515,0.32320402738513665,0.519350004196167,0.009311612923848816,2.6731067524291574,0.04541291135503027,0.7069249987602234,0.08831514421144597,4.162222368549555,0.4140276110591507,0.526910001039505,0.01627180563055447,2.737195491231978,0.04384955322737942,ode-rk45-adaptive,diffusion_edm_vp
diffusion_edm_vp-ode-tsit5-adaptive,0.511599999666214,0.0106618897009319,3.1193907719571143,0.10620460995319053,0.5228849947452545,0.011384399896408715,2.8437832804396748,0.06993794945373301,0.5026399999856949,0.0026223907024020983,2.6632441316731272,0.036260323748045574,0.5063549995422363,0.0029588411067072874,2.693408253835514,0.06524769725324651,0.8329299986362457,0.07746764591305706,2.855252613592893,0.14117488018067084,0.6680350065231323,0.08461445957107953,3.9935384958051143,0.27303823413296147,0.5071500033140183,0.010763869766823754,3.8586393379606307,0.2346475461181398,0.5213950037956238,0.009566415270924807,2.6622449540998785,0.03577004053375768,0.7064650058746338,0.08680173282187227,4.20015176422894,0.35393682331181986,0.529449999332428,0.016959832527767865,2.844355877721682,0.057168951223677336,ode-tsit5-adaptive,diffusion_edm_vp
diffusion_edm_vp-sde-euler,0.5122049927711487,0.010665979997786639,5.183224300155416,0.059413800448001534,0.5287699937820435,0.014353410175882523,5.039850515685975,0.06467674045972348,0.5007049947977066,0.0024935360569237524,4.946135568711907,0.04003097336864421,0.49945999681949615,0.0027791909872717574,4.8992106630001215,0.04773443636956578,0.828190004825592,0.0890197946543583,5.086884093098343,0.06396854989976314,0.6591999888420105,0.09572767916020017,5.1464728416875,0.057375763229475,0.5039099991321564,0.003861402562455151,5.066882130783052,0.05502183901716826,0.5093100070953369,0.0054269095838458065,4.934864357765764,0.03866534553377872,0.6962349951267243,0.09071041197003496,5.051811417192221,0.05112584653118747,0.5147399961948395,0.006170718743280491,5.128027039999142,0.04475147801609694,sde-euler,diffusion_edm_vp
diffusion_edm_vp-sde-euler-adaptive,0.5358850002288819,0.012014017881579955,29.78142889533192,5.675365339704081,0.530239999294281,0.016850117350601906,40.438766703754666,4.399553718726002,0.5009799987077713,0.004030399237005432,21.408619320765137,0.33393839256522645,0.49973500072956084,0.0024895803429359708,22.926076336484403,0.5034739677898684,0.82847501039505,0.09155489652455814,36.98786083422601,4.35202368571965,0.6597150027751922,0.09826670856034775,21.23384315641597,1.3976493462988293,0.5047150045633316,0.007503337635116635,35.45868819085881,7.1774696596729965,0.5086599946022033,0.008477142189472386,28.536684636864813,3.965834286310558,0.6956900000572205,0.09332411336443312,20.84251247709617,1.7076561394998322,0.516129994392395,0.01101323856400105,29.956205525947734,3.8383522007956254,sde-euler-adaptive,diffusion_edm_vp
diffusion_edm_vp-sde-euler-pc,0.5688899993896485,0.020647478245230198,9.684944260679185,0.057151432760895945,0.5937249958515167,0.01431387421882847,9.434148660395294,0.061548203747744966,0.5021049976348877,0.003696171374422798,9.273961598426103,0.050004884041004324,0.5027200013399125,0.005107413398415431,9.191926503228023,0.06726353012593579,0.8324750006198883,0.08526910047089181,9.494710524287076,0.09366003187184647,0.6665499985218049,0.09420813761770704,9.602725130692125,0.04995398191508687,0.5508550047874451,0.029858117609809214,9.485132865048945,0.06586393984746694,0.508915001153946,0.006296670865929438,9.172084272559733,0.06648399918129176,0.7035750031471253,0.0943404942060885,9.479368959926068,0.060414403514039636,0.5139649987220765,0.01012998462623193,9.509176209801808,0.1220061573209207,sde-euler-pc,diffusion_edm_vp
diffusion_edm_vp-sde-sea,0.5143149971961976,0.01185267792231528,5.341035204241052,0.05615877282401614,0.5302500069141388,0.015869377917041558,5.215888895653189,0.05074593168377701,0.4991550028324127,0.004025761431472832,5.126913543138653,0.04880996781894827,0.5020850032567978,0.0034701597167313652,5.066251793922857,0.04541794696500526,0.8264400064945221,0.09161185506190436,5.270437280926854,0.05831452340402424,0.6579699873924255,0.09445438892758455,5.338324080221355,0.06084444881961509,0.503235000371933,0.006704137871633201,5.264781402610242,0.0664195786214713,0.5103950023651123,0.005027592679692723,5.102056202944368,0.045158925028761725,0.6953350007534027,0.0906110068200196,5.258549910690635,0.05305737096843,0.517154997587204,0.012465317493131971,5.229592052474618,0.040522319968770704,sde-sea,diffusion_edm_vp
diffusion_edm_vp-sde-shark,0.5118149936199188,0.012309168962216855,10.503498599305749,0.07015755724126169,0.5305049955844879,0.015109402915171807,10.229234061669558,0.0760987139719256,0.49948500394821166,0.003571630770152035,10.07597094764933,0.07257379113941634,0.5004400074481964,0.003188166115787216,9.94658335535787,0.05520936474930687,0.8275899946689605,0.08939339063762917,10.314393240399658,0.12948959958141143,0.6597500085830689,0.09381516320645757,10.460475191567093,0.03909397330805479,0.5054550051689148,0.007340830993563941,10.284968764614314,0.0840781875333273,0.5107299953699111,0.008065489488473169,10.024571450334042,0.06289356290797261,0.6954650044441223,0.09171947227362003,10.311154658254235,0.08358574975069917,0.5147999942302703,0.010315562279729958,10.253834553249181,0.06484455509328733,sde-shark,diffusion_edm_vp
diffusion_edm_vp-sde-two_step-adaptive,0.5142850041389465,0.010702169830106995,2.6891262852121143,0.1826260423989307,0.5288199961185456,0.01640642593099397,2.633896869700402,0.15713344482467942,0.5015100061893463,0.004217515829361312,2.0268676142208277,0.03806558940187087,0.5027850031852722,0.001734364120213083,2.2680492132902144,0.057262973279382415,0.8266650021076203,0.08939126895491836,2.905680989380926,0.14656227202099664,0.6576600074768066,0.09266683957279483,3.3511497918516397,0.4182667879311827,0.5029999881982803,0.0029387076069800834,2.904481420945376,0.3191320345324801,0.5105000048875808,0.008791362528621866,2.5049637626390906,0.06201415881981451,0.6934899926185608,0.09274018800554967,3.2244373191148044,0.3751481656909302,0.512894994020462,0.010664575805611651,2.6168640811927615,0.09644968909073628,sde-two_step-adaptive,diffusion_edm_vp
diffusion_edm_vp-sde-langevin,0.6278850078582764,0.007830686215186265,17.963875607633963,0.06219595798645132,0.600175005197525,0.01059108854275527,17.552359078172593,0.04822155852264003,0.5432350039482117,0.011905429381155167,17.231806241348387,0.09657827772403438,0.5592649936676025,0.008925291749311795,17.13023299127817,0.14754268590245903,0.8615749895572662,0.06600560116634716,17.732755267433824,0.1610529055590639,0.7086649954319,0.08055305748229184,17.67770834509283,0.2150754773927084,0.5534850001335144,0.022957378511030177,17.684292759746313,0.06414185591482519,0.6204050004482269,0.023391833806936036,17.194025169080124,0.12373861398483735,0.7311749935150147,0.08361164268920078,17.089946056436748,0.06468929341699323,0.6228700041770935,0.027517956462037193,17.56163391196169,0.054523421834092686,sde-langevin,diffusion_edm_vp
diffusion_edm_vp-sde-langevin-pc,0.7129450023174286,0.022203697725887105,108.05575235690921,0.15730737856648952,0.7278185963630677,0.013578946985500499,105.63116168389097,0.1380919621768895,0.5705049932003021,0.005174285708092708,103.22029963582754,0.18309897009967127,0.5719600021839142,0.00585785827992785,102.80100180981681,0.07815548676967002,0.885670006275177,0.05347031812207549,106.74674420896918,0.32425705274804956,0.7601000010967255,0.06671326516847022,104.91060037789866,0.21738373781437817,0.695030003786087,0.03289836799873871,106.64810032667592,0.1695616425605879,0.6271799981594086,0.019811189576496205,105.6631995041389,0.5640996952405849,0.7820299983024597,0.06967890000026036,102.52698549609632,0.17683815214848742,0.6146099925041199,0.023580217604674745,105.7962576309219,0.20927098062362337,sde-langevin-pc,diffusion_edm_vp
diffusion_edm_vp_ema-ode-euler,0.5121699929237366,0.0069892893775999115,4.464120244979858,0.06297994805480295,0.5205000042915344,0.012506584621812158,4.410826711542905,0.047462701259185724,0.5033050000667572,0.003592802287671679,4.438131611887366,0.04315929618739921,0.5054099947214127,0.0034667579259972524,4.401520805619657,0.04806747486175258,0.823659998178482,0.08596463910234059,4.4324964007828385,0.07752235060622115,0.666085010766983,0.09255683999149283,4.373003916908056,0.05657983951648839,0.5118050038814544,0.012169353804384253,4.502991101006046,0.0643006871903422,0.5150250017642974,0.008986806061787677,4.416819968167692,0.09200651934891918,0.7012750029563903,0.09992842718304878,4.387907620985061,0.05733632802294299,0.5262849986553192,0.00782975129575535,4.398695783736184,0.05319557121586055,ode-euler,diffusion_edm_vp_ema
diffusion_edm_vp_ema-ode-rk45,0.5163699924945832,0.007435928419080814,26.24409018494189,0.17380122595175018,0.5202100098133087,0.013295273022226104,25.94679320072755,0.038408340740714024,0.5028849989175797,0.0030355424303099747,26.06671008374542,0.04201422417629788,0.5046549916267395,0.004134154020707002,25.83598023504019,0.0648162084720427,0.8254149913787842,0.08512765373600495,25.894994154758752,0.09161222420454526,0.6672899901866913,0.09174520655929064,25.749595457408578,0.06718796242339062,0.5100999891757965,0.013881061570754619,26.35124942706898,0.1342769204140426,0.5167750060558319,0.011925021523420969,25.718505861144514,0.20332967938250598,0.704485011100769,0.09989614863122817,25.720123325183522,0.04679121019592897,0.5285750091075897,0.008844752658510025,25.89315996147925,0.06768246120484735,ode-rk45,diffusion_edm_vp_ema
diffusion_edm_vp_ema-ode-tsit5,0.5157650053501129,0.009864103553155925,26.78701034281403,1.5153937927817394,0.5201650023460388,0.012178913593873658,25.96445111776702,0.0684323837569708,0.504355001449585,0.004021717967361087,26.032394618820398,0.08517912239298814,0.5038499981164932,0.004446285203689729,25.170642846589907,0.3825104069255267,0.8261950075626373,0.08476699293920599,26.3390926013235,0.7912529687858878,0.6679650008678436,0.09217349353058055,25.840109211206435,0.06551336633040934,0.5115949928760528,0.014839578735367733,26.470498540485277,0.12313625964607454,0.5157999992370605,0.013187461687235514,25.670203343080356,0.2675304896625471,0.7029699981212616,0.10064342608590665,25.75857174610719,0.06262735542227749,0.5273200035095215,0.011232499452261489,25.889102191396525,0.048200068162359645,ode-tsit5,diffusion_edm_vp_ema
diffusion_edm_vp_ema-ode-rk45-adaptive,0.5157200038433075,0.008144149810317483,3.035891079204157,0.16719800350185668,0.5209200024604798,0.010993979896656438,2.809379892749712,0.04867957439216897,0.5036849945783615,0.0025490161123681476,2.7691330748610197,0.04202890755076881,0.5019349932670594,0.002457447024704091,2.6698052040301263,0.04692943677347143,0.8249350011348724,0.08559758391999361,2.8624599049799144,0.060502359157350104,0.666305011510849,0.09198176447529613,4.081315098702907,0.40467324542825966,0.5122799932956695,0.012558600571575094,4.087210399517789,0.8469295748080168,0.5183799922466278,0.010203707936367084,2.7141091234982015,0.04147449837875331,0.7037750005722045,0.09938766952943125,4.1455874377046715,0.37659194033059706,0.5275949954986572,0.011016940368587979,2.785055388195906,0.03556431866498017,ode-rk45-adaptive,diffusion_edm_vp_ema
diffusion_edm_vp_ema-ode-tsit5-adaptive,0.5146049976348877,0.009382871441563188,3.0430841790512204,0.08580469771040015,0.521245002746582,0.010377073373766586,2.8886125017888844,0.0704602493152422,0.5039200097322464,0.003655349406127576,2.759285123925656,0.038604608747906846,0.5050399959087372,0.0028664280819824728,2.7026417227927597,0.07312759042518276,0.8257300078868866,0.08563759313328936,2.8998413239605725,0.06905017422724208,0.6666150033473969,0.09333180054937354,3.915736528800335,0.36591993736613776,0.5127150028944015,0.014970461323960491,3.9235784461256116,0.5082228390006814,0.5169449925422669,0.013017343265084082,2.7522741462104023,0.0449429013567273,0.703125,0.10024376750324103,4.191572902270127,0.3339935123591101,0.5259049952030181,0.008156768075739033,2.982193785591517,0.1985492391370698,ode-tsit5-adaptive,diffusion_edm_vp_ema
diffusion_edm_vp_ema-sde-euler,0.5124500095844269,0.01195586359385096,5.233301923470572,0.06916068548651115,0.5205550104379654,0.016123687845003162,5.131254773261025,0.061107047446266195,0.5020649939775467,0.0038990988713087783,4.976676652207971,0.04415892271324257,0.5011099964380265,0.004196766189931258,4.930384685704484,0.035067586686521116,0.8391950011253357,0.07833604495719618,5.145529269007966,0.06582957936815638,0.6510699987411499,0.09594136062837345,5.112118212215137,0.05007557435345509,0.5055750072002411,0.0078053608466373365,5.1221719777211545,0.05740046600259816,0.5096499979496002,0.00569382081502069,5.009754825616255,0.0463985376355743,0.693705004453659,0.10991673450738548,5.095536716689821,0.04102550323800814,0.5160899996757508,0.006633164956722055,5.534889938298147,0.3614665566710908,sde-euler,diffusion_edm_vp_ema
diffusion_edm_vp_ema-sde-euler-adaptive,0.5354849994182587,0.0144389424661303,29.56966454121284,4.85298089850375,0.5204500079154968,0.016889612725207167,40.660812291130426,5.003842361859578,0.5008299976587296,0.002995845776280108,21.23552658483386,0.32316678715958647,0.49977000057697296,0.003371959017044744,23.299445799225943,0.6515971555285105,0.8417599856853485,0.0764208928692952,37.06623326577246,4.369179226397362,0.6500550031661987,0.1005226813344967,21.123869189899416,1.3973409160080443,0.5073650002479553,0.012466261438625477,35.91663347403519,7.082345556331539,0.5108850002288818,0.0058317316244173144,29.85548537117429,4.011233949333473,0.6940600037574768,0.1101435021536595,20.475885802204722,1.4881100703634769,0.5170849978923797,0.007304932825322518,32.29963017889531,4.1123085856398705,sde-euler-adaptive,diffusion_edm_vp_ema
diffusion_edm_vp_ema-sde-euler-pc,0.569744998216629,0.026044441459034184,9.577920713741332,0.07321976264059508,0.5914949893951416,0.010021159691950872,9.576435279939323,0.0776046851576461,0.5014849931001664,0.0032394451112933605,9.338514312449842,0.05261950804701082,0.502034991979599,0.003810121364090913,9.269515126990154,0.055863650400734356,0.8401149928569793,0.07742237919086632,9.645023600477725,0.1121360710250499,0.6590449988842011,0.09878173623176546,9.54803486247547,0.060618276747174175,0.5434299975633621,0.02973072683755886,9.604595887707546,0.09461623262509093,0.5105549961328506,0.006869949520073135,9.501476679369807,0.08149722775525677,0.7013549983501435,0.10892278463720886,9.568882370798383,0.07064255668405914,0.5142299950122833,0.007657394640915942,10.172235420893411,0.5364248515874971,sde-euler-pc,diffusion_edm_vp_ema
diffusion_edm_vp_ema-sde-sea,0.5145949959754944,0.011084183903276994,5.274882077146321,0.05578434761449936,0.5210649967193604,0.017739441001989008,5.306726881861687,0.05368461797489651,0.5016849964857102,0.005165801417750112,5.1469441839493815,0.03385285597152025,0.501350000500679,0.002583698543436413,5.119276869622991,0.04885841955289766,0.8389999985694885,0.07842665072671269,5.344099582359195,0.05898850075772564,0.6483900070190429,0.09736285144031735,5.272949200810399,0.05935463749417268,0.5075249999761582,0.009741874050696597,5.3374890720937405,0.0589233394125555,0.5087650001049042,0.0071968147046279594,5.261240986501798,0.057279719686126225,0.6935750007629394,0.10993644362633989,5.2736070969956925,0.059475423797569114,0.5130950033664703,0.0065076264140666315,5.656228446296882,0.29115798941774446,sde-sea,diffusion_edm_vp_ema
diffusion_edm_vp_ema-sde-shark,0.5119349956512451,0.012652880576749334,10.314724054280669,0.0432211670100338,0.5196350008249283,0.015869718682957525,10.399488334637136,0.02540599640972062,0.5010299921035767,0.004550563187907733,10.112599303014576,0.07483103781904026,0.5023300021886825,0.0017054670058405273,10.037091718567535,0.046675974328882534,0.8381250083446503,0.07850986146141727,10.471946669090539,0.041841429132809006,0.6487349987030029,0.09767063813528967,10.345952795818448,0.042247508414071266,0.5074100077152253,0.010262212802007157,10.406488125724717,0.06807274459051077,0.5104049980640412,0.007316368884468218,10.295607377588748,0.08071940033975733,0.6903099954128266,0.11015443907990713,10.366192997491453,0.04249100908710046,0.5165700018405914,0.007474859476634105,10.84681214131415,0.5916441110863467,sde-shark,diffusion_edm_vp_ema
diffusion_edm_vp_ema-sde-two_step-adaptive,0.5151600062847137,0.013083302473081473,2.63019212000072,0.19328480990130759,0.519034993648529,0.01732221054742591,2.6918729486409574,0.13623100727887774,0.5000849962234497,0.0038509099217919106,2.0391078373417257,0.03438477219325408,0.4990649938583374,0.002642348291017464,2.2772972236853093,0.037127561702563254,0.8391149997711181,0.07785543456102534,2.907707449793816,0.10218623532408488,0.6467499971389771,0.09738162114868354,3.3095688633155076,0.36166766585209764,0.5029149979352951,0.007886924097138048,2.9672031458467245,0.34715644026637843,0.5088200002908707,0.007661568914326053,2.600629957113415,0.07316950855436177,0.6953500032424926,0.107380715921455,3.1959355865838006,0.39012123437365653,0.5141650021076203,0.007415328643798922,2.688973989803344,0.18260582309366746,sde-two_step-adaptive,diffusion_edm_vp_ema
diffusion_edm_vp_ema-sde-langevin,0.6311600029468536,0.009705479509082467,17.734359365003183,0.06508332557910709,0.5994699954986572,0.007071150508002788,17.82133884797804,0.07306062445282649,0.5387199938297271,0.007653853119800468,17.264445042889566,0.07897978943835422,0.5594000041484832,0.006488755263558281,17.133370387461035,0.06873656914107233,0.8622899889945984,0.06637842168995552,17.9007789646741,0.054045278971927624,0.702335000038147,0.0893463766117507,17.694536277197766,0.04424684653534361,0.5545799970626831,0.02166030050408438,17.82133084689267,0.05804530700117992,0.6195549905300141,0.02448841672183493,17.52209892938845,0.11311207404456158,0.7392800033092499,0.0922751393986414,17.916013423574622,0.09996676468319739,0.6256549954414368,0.02524164234883333,17.494533497700466,0.3641091570561808,sde-langevin,diffusion_edm_vp_ema
diffusion_edm_vp_ema-sde-langevin-pc,0.713685005903244,0.019758546849775106,107.68605583575554,0.2710484565526867,0.7324786245822906,0.01018189830968724,107.2843592995312,0.1658711821798947,0.567089992761612,0.006050038165760201,103.51191906863824,0.24135114573010194,0.5723249912261963,0.007545369501313534,103.58226836146787,0.08228879983866941,0.8759499967098237,0.059358576610504095,108.49943315964192,1.5186209657692213,0.7511899948120118,0.07296368165448486,106.59775781183271,0.06494925682562926,0.6909099996089936,0.028639562559774664,107.70701500750147,0.189296733901761,0.6176499903202057,0.02525055158428566,106.9414379592985,2.6685325404347346,0.7929250001907349,0.07099085248858214,107.46359888480511,0.7923541895710041,0.6202800035476684,0.02280633222997873,106.8580712747993,2.130608056636024,sde-langevin-pc,diffusion_edm_vp_ema
diffusion_edm_ve-ode-euler,0.6197100043296814,0.027837555828320443,4.491934811836108,0.061533608500068046,0.6200149953365326,0.024851324212738852,4.397857745736838,0.0625651715190956,0.7858399987220764,0.012524576864411645,4.389672655100003,0.053750749010123874,0.7610100030899047,0.014425525132276658,4.302993522817269,0.06566274127705649,0.8119199991226196,0.09998158405664155,4.404669190896675,0.04584256194167311,0.774714994430542,0.03205343925822231,4.465338435675949,0.06415830904539799,0.6455950021743775,0.03594811436434856,4.505831113969907,0.05268326036628404,0.7413950026035309,0.05724327625135047,4.464123032614589,0.06401850341018414,0.8119699954986572,0.047022937675904965,4.451076093269512,0.048297501910134065,0.7601100027561187,0.07005131339100525,4.455240889918059,0.06527449580442943,ode-euler,diffusion_edm_ve
diffusion_edm_ve-ode-rk45,0.6175499975681304,0.029146180537740315,26.386095610866324,0.10991767044138567,0.6114449977874756,0.02822722994284502,25.81388461063616,0.19575620176922756,0.7844549953937531,0.011160405616148523,25.782957783096936,0.05448398537740335,0.7597850084304809,0.016739503251001535,25.23998770029284,0.127493469445841,0.8129649877548217,0.09807643677693885,25.94251048490405,0.06315815777584116,0.7761000037193299,0.0291924108691506,26.217196555202825,0.0757337665129907,0.6444649994373322,0.03662309773842838,26.4976600994356,0.09141667731040883,0.7367499947547913,0.05915933039916851,26.472853974904865,0.1917898326186167,0.8104749977588653,0.04690967448819792,26.137981145549567,0.05858370683557654,0.753739994764328,0.07061573640278596,26.217258158291223,0.0454762048320488,ode-rk45,diffusion_edm_ve
diffusion_edm_ve-ode-tsit5,0.6157350063323974,0.030340838501544686,26.42762015964836,0.0965938124971897,0.6122650027275085,0.02799119661092139,25.874721021763982,0.16417972781548812,0.782515001296997,0.01346612101294019,25.859942226612475,0.07567156557463471,0.7578900039196015,0.01662959063549746,25.33963500438258,0.15572889426756553,0.8134699881076812,0.09767705926696985,25.95118173598312,0.04697809318488284,0.7749700009822845,0.03045777439921419,26.271293400879948,0.05086528932846056,0.6426899909973145,0.03669196528819664,26.490679165860637,0.18824805484680926,0.737244987487793,0.05993367108167678,26.497801771061496,0.10322989858485766,0.8121950030326843,0.047152595843358264,26.179893623199312,0.039426500606478225,0.7545500040054322,0.07126998784621219,26.187088663876057,0.057473333321038,ode-tsit5,diffusion_edm_ve
diffusion_edm_ve-ode-rk45-adaptive,0.6169099986553193,0.029175655914193452,2.8631507211364804,0.05911322436855074,0.6112950026988984,0.029071627353442483,2.74963383669965,0.054814527337963465,0.783314996957779,0.010873749391291931,2.8126127091236413,0.1161662110656857,0.7570899963378906,0.016867902510199238,2.656605765223503,0.04145756631659799,0.8136199951171875,0.09737933425387861,2.803059784229845,0.057673628859820365,0.7746749997138977,0.030970178630274042,3.6969595945440235,0.25339337863110434,0.6446300089359284,0.03503028014637582,3.722360555129126,0.3715508746868653,0.7364499986171722,0.056923074214697944,2.7920587078202517,0.05730739860197697,0.8104749977588653,0.046541356844115936,3.627754337899387,0.15793964855740153,0.7556049883365631,0.06846029562640975,2.7983881265157833,0.0565366498559694,ode-rk45-adaptive,diffusion_edm_ve
diffusion_edm_ve-ode-tsit5-adaptive,0.6170099973678589,0.02888073627641327,2.9662157997954637,0.10308197128486891,0.6120150089263916,0.027698919805335436,2.7993737037759274,0.07067396834339101,0.7822250008583069,0.012591932061768852,2.909668652527034,0.14445487680639887,0.7590650022029877,0.0167449580174366,2.7369773286394774,0.05264727948117556,0.8126049935817719,0.09851209409661894,2.8246337048709393,0.09264925301725453,0.7751450061798095,0.030501177960047927,3.730984568828717,0.2140324770739277,0.642915004491806,0.03735106572140303,3.87333664461039,0.4047008730686941,0.7369749903678894,0.058747128860865916,2.8034462853800504,0.05154790295414842,0.8112750053405762,0.04756902466111278,3.8513781379908325,0.21788875186356316,0.7559900045394897,0.06835476659520658,2.901144490414299,0.05807681082029259,ode-tsit5-adaptive,diffusion_edm_ve
diffusion_edm_ve-sde-euler,0.5750400006771088,0.03630191293737073,5.228812457993627,0.04387824819681014,0.559514993429184,0.028140863452575767,5.133468219498172,0.0840104745855159,0.722255003452301,0.018161406436364824,5.376191185601056,0.3677327756767968,0.692645001411438,0.02270347964378402,4.912297248793766,0.051459630825242686,0.8171049952507019,0.0867814027151543,5.112528536561877,0.06101151955392619,0.7443250000476838,0.03844893187093148,5.194535791827366,0.04505032956695925,0.5897600054740906,0.0548044390277853,5.240900711202994,0.055703430207348255,0.687544995546341,0.09509143346002608,5.11572991386056,0.05749525735840082,0.772855007648468,0.06398465766237053,5.16802589558065,0.04659544124205489,0.6937249958515167,0.09874231400388193,5.179125432402361,0.05344282253547901,sde-euler,diffusion_edm_ve
diffusion_edm_ve-sde-euler-adaptive,0.5852100014686584,0.03343840671922583,38.06839534081519,4.05500216341343,0.5609099984169006,0.0273594900041237,43.67644631518051,3.3850956613903653,0.7278450012207032,0.01702223995319816,30.4440526779159,2.8137230113680634,0.6983049988746644,0.02324382005966007,31.98369099223055,0.7232819253592667,0.8176050007343292,0.0866500536049774,40.70836412757635,3.602818805387354,0.7453699946403504,0.03826598883620969,32.462277833651754,2.2926245247413504,0.5923900008201599,0.05211408312006211,41.82603596439585,4.851099017865644,0.6914799869060516,0.09232243910752938,34.842611097171904,3.36718695463661,0.7720200061798096,0.06636514606354284,32.38884806218557,2.153356511842588,0.6947799980640411,0.09912379079951718,35.282110583002215,2.8869691549838943,sde-euler-adaptive,diffusion_edm_ve
diffusion_edm_ve-sde-euler-pc,0.6004249930381775,0.03279795833828077,9.763153218990192,0.08846960569536914,0.6123800039291382,0.02369965098189869,9.509255264233797,0.07825533473736254,0.7138200044631958,0.022438226788866717,9.938635439204518,0.5691333015269612,0.6873799979686737,0.02482436683411333,9.17613148880191,0.09385692058145773,0.8214850008487702,0.0833676028794515,9.542754053277894,0.06025295388722639,0.7440200090408325,0.038168331932234595,9.7268952652812,0.0686555773650181,0.598609983921051,0.04419306062993628,9.800729406718165,0.07344355106057528,0.6840849995613099,0.09325518948574399,9.542455434473231,0.05327795888511139,0.7711450099945069,0.06515910329191613,9.676334087969735,0.07037643072433737,0.6911349952220917,0.09563928116221079,9.509815551794599,0.059618836966010606,sde-euler-pc,diffusion_edm_ve
diffusion_edm_ve-sde-sea,0.5750450074672699,0.03477998817891667,5.396932850871235,0.07540492410834689,0.5622699975967407,0.026381309564186453,5.255722386389971,0.06393157008669784,0.729054993391037,0.02032417763741628,5.50406314029824,0.26824088854842454,0.6976900041103363,0.024620663628850972,5.104710913961753,0.06163657601288368,0.8160600006580353,0.08840273978027201,5.2880364378914235,0.04797251468905896,0.7454299867153168,0.03649254632460671,5.3533217228483405,0.056258004221151806,0.591650003194809,0.0526588882995745,5.418043503118679,0.05740831278297242,0.6916350066661835,0.09203078260842246,5.272459718305617,0.06949314790867737,0.7739600002765655,0.06377168642985127,5.343421152746305,0.05613389364477852,0.6960599958896637,0.09681106864660063,5.270284635480493,0.04331385500240136,sde-sea,diffusion_edm_ve
diffusion_edm_ve-sde-shark,0.5779750108718872,0.035943653640593876,10.59935588799417,0.11058651484555085,0.5594550013542176,0.028930860933760447,10.388398366048932,0.083213112407139,0.7264249920845032,0.019737202287844053,10.68799090179382,0.46691104065032435,0.694694995880127,0.0245144446962354,9.969275130936875,0.10488085652301976,0.8160300016403198,0.08851388321471024,10.341281879832968,0.05430331789151817,0.7453950047492981,0.03850344351665701,10.52217100514099,0.11317756935309255,0.5920200049877167,0.05435145080333674,10.618102039815858,0.061255684901092684,0.6891000032424927,0.09229800677766228,10.364352691033854,0.04211142478850998,0.7724399983882904,0.06348272000963075,10.559894098946824,0.16952222039717332,0.6940750002861023,0.09533105776663572,10.292662356398068,0.09221759523622483,sde-shark,diffusion_edm_ve
diffusion_edm_ve-sde-two_step-adaptive,0.5769450008869171,0.03480182495766509,2.7538706911727786,0.15406678430878215,0.5608200013637543,0.0284029563142438,2.7915261696558447,0.164332753853807,0.7266600012779236,0.018724122727804233,2.439722256711684,0.2312901173132123,0.6944800078868866,0.026133943805188332,2.42673557382077,0.08217822216402602,0.816554993391037,0.08736623352492805,2.923115762975067,0.09648808568475421,0.7448799967765808,0.037884367806676436,3.266547115566209,0.2630795202342441,0.5920000016689301,0.05368327794869865,2.9552935926709325,0.18541776807874902,0.6870800018310547,0.09405935105076878,2.7094979502260683,0.03927217593835183,0.7729249954223633,0.06394772793656674,3.098136513214558,0.20008380223438024,0.6933749973773956,0.09617862257217637,2.660909815505147,0.05440128145568226,sde-two_step-adaptive,diffusion_edm_ve
diffusion_edm_ve-sde-langevin,0.6612600028514862,0.032099568407523156,18.11274115294218,0.07965840449067063,0.6104699909687042,0.02008197744958513,17.78201487683691,0.16362432329492424,0.699779999256134,0.038670906597190045,18.652352210483514,1.152525270904727,0.6844649970531463,0.0328981729500352,17.05550633468665,0.11241009907736198,0.8551649987697602,0.061666497707220005,17.76162783871405,0.06334603235932734,0.7618449985980987,0.042331374560108714,18.121098119067028,0.09258827646833222,0.6005400002002717,0.05081487181918187,18.042394476616757,0.08074290091295289,0.7492950022220611,0.0971298132480367,17.7069865684025,0.12129742559575062,0.778030002117157,0.06648742616927764,18.04383356226608,0.05736978482303633,0.7472399950027466,0.099172951913398,17.769085426488893,0.05866470603805394,sde-langevin,diffusion_edm_ve
diffusion_edm_ve-sde-langevin-pc,0.7157200098037719,0.021439169368967843,109.34990972555242,0.28043758295602234,0.7388049960136414,0.020497953442545784,106.29881630772725,0.21619150566458767,0.6642800033092499,0.039751450536492365,111.98448416639584,5.699500095779363,0.6735000133514404,0.030634196141022446,102.68324583368376,0.20341362400805788,0.8767899990081787,0.05049336660511203,107.25733882635832,0.11438589647422202,0.7885100066661834,0.04663750036588773,109.26974000940099,0.15548896952649444,0.702744996547699,0.03280880733678207,109.5707740151789,0.275336462938162,0.7481000006198884,0.09551697532624283,106.385892417375,0.434473862890816,0.8036199986934662,0.05689216646286473,108.43901211610064,0.06724269853576165,0.7412050008773804,0.1014691837749115,106.59523638911779,0.13000887381938311,sde-langevin-pc,diffusion_edm_ve
diffusion_cosine_F-ode-euler,0.5141149997711182,0.008801618976830716,4.446640825225041,0.06235925448258989,0.5241749942302704,0.012439989213710966,4.557745316589717,0.05676499885663975,0.5010899990797043,0.00314990011629111,4.57626564259408,0.06056211223250076,0.5027799993753433,0.0024934115188234834,4.546072685683612,0.05935945172418811,0.8521749913692475,0.0847559056765551,4.512370831659064,0.05813745025399933,0.6917349994182587,0.10278368927068875,4.5460003890097145,0.0476667040752861,0.5018749922513962,0.0063390172762758995,4.487172821443528,0.06028885689016747,0.5105449974536895,0.006779574603578555,4.482072627590969,0.06021861303878214,0.7246450006961822,0.08997817555012413,4.464069396350533,0.08497062899268581,0.5170199990272522,0.0052980763458331925,4.433376215095632,0.04132225125200054,ode-euler,diffusion_cosine_F
diffusion_cosine_F-ode-rk45,0.5151000022888184,0.007930193693028656,26.16207399792038,0.12250784963298174,0.533539992570877,0.013150721915048935,26.716767319792417,0.049127311557790314,0.4999099999666214,0.003668098499776915,26.95483621918829,0.06329695728777479,0.5021950006484985,0.005463345838196155,26.69453889717115,0.051900306252364865,0.8563050031661987,0.07980918630296016,26.568648206675427,0.040011128292078535,0.6949250042438507,0.10294058933539278,26.689416984515265,0.11862717076047362,0.5031900018453598,0.006244915887276758,26.392877690959722,0.06373331143761007,0.5100099980831146,0.005409285112109213,26.177029308583588,0.09321533001335303,0.7234299898147583,0.09195573003943364,26.382761009503156,0.6206041415828322,0.5170099973678589,0.005641353362156215,25.927750805707184,0.04200164044919962,ode-rk45,diffusion_cosine_F
diffusion_cosine_F-ode-tsit5,0.5176050007343292,0.006873556105117648,26.153649812797084,0.0770467239095551,0.533160001039505,0.011924693454018354,26.768195663695224,0.07234847935668132,0.5009099960327148,0.0039564424629773476,26.956200073601213,0.052328388939076154,0.504050001502037,0.003275587790745672,26.787214529665654,0.07736006175853669,0.8553400039672852,0.08074828613389252,26.56730925794691,0.07142110182399931,0.6943000018596649,0.10313456853055145,26.76831811014563,0.07487718227001781,0.5040800005197525,0.005860899636242268,26.43593874038197,0.06303968188533864,0.5116649985313415,0.006276147821457425,26.192119863117114,0.17471259303649886,0.725569999217987,0.09186589435919679,26.14100552657619,0.08327613827138304,0.5167249917984009,0.005856877684381379,25.967012757691556,0.07709518231419892,ode-tsit5,diffusion_cosine_F
diffusion_cosine_F-ode-rk45-adaptive,0.5149049997329712,0.00899651438628546,3.7643957010470332,0.14417331163695696,0.5321650028228759,0.01007761817497591,3.7066844601882623,0.08753603065900242,0.5005549967288971,0.003269282063958087,3.3348731105215847,0.059368774775603726,0.5029150068759918,0.001657416512742117,3.38314528997289,0.1136039051663118,0.85592001080513,0.08155535981024829,3.8190325687639417,0.060876811105685276,0.6943900048732757,0.10330639221248494,4.2175706306938086,0.13367406837234627,0.5039649963378906,0.0068886874863968,4.496992955636233,0.25969990372884044,0.5131499946117402,0.004358443231491226,3.2351126672700046,0.0816399729612638,0.7249100029468536,0.09084579195122358,4.1761620223522185,0.17539585455218754,0.5197499930858612,0.0057909820341484446,3.2259633385110646,0.0395850290906425,ode-rk45-adaptive,diffusion_cosine_F
diffusion_cosine_F-ode-tsit5-adaptive,0.5166099965572357,0.00717801123070982,3.9873470321763307,0.2032214947162069,0.5313549995422363,0.011576814728621173,3.7972687075962313,0.12995796991780934,0.4999249964952469,0.0020109989225809226,3.4517730993102305,0.09621533677991492,0.5039399981498718,0.003627795801595706,3.4714723645010963,0.09787005659481661,0.8563700020313263,0.08133276287988823,3.9797040364239367,0.09992084300525758,0.6959899961948395,0.10324395992969605,4.427341058338061,0.12033436808481618,0.5033649951219559,0.006190069024600295,4.754748135851696,0.2705972925304334,0.5140549957752227,0.00772105468635902,3.300187945459038,0.07779275906522856,0.7260949969291687,0.09117966127563408,4.476295453030616,0.2994585240769621,0.5163050055503845,0.007851698043737271,3.397551547794137,0.1190457652337495,ode-tsit5-adaptive,diffusion_cosine_F
diffusion_cosine_F-sde-euler,0.5234699964523315,0.009447787411065004,5.207246380625293,0.04141042596105083,0.5266499936580658,0.015044118333982507,5.384422098391224,0.05791419514893407,0.5009900003671646,0.0029633410461093876,5.392625131900422,0.04641602414456995,0.5010949939489364,0.004264176790795793,5.3713014320004735,0.0544958710976137,0.8571800053119659,0.07872059371357813,5.310859851026907,0.048708746214819645,0.6950699925422669,0.11070227442030371,5.3718629403039815,0.03703356668041213,0.50067999958992,0.004442422047905834,5.315163292502985,0.042991749357426993,0.508615005016327,0.004830009873435343,5.235787146445364,0.05580343706190964,0.7322000026702881,0.0895280205262734,5.383175817131996,0.1687752883240474,0.5140850067138671,0.00617584830298224,5.225970170926303,0.054427678879317314,sde-euler,diffusion_cosine_F
diffusion_cosine_F-sde-euler-adaptive,0.6087050080299378,0.04602280711029747,20.16494689974934,2.439610685294456,0.5260799944400787,0.013738434641778584,28.79657100930344,4.831170456803254,0.5005250006914139,0.0028796954029293243,17.35608961851103,0.24515828694281425,0.5012250036001206,0.0036312052445160135,18.236690275499132,0.15521422377934915,0.8548800051212311,0.08103596496547899,25.20811016857624,3.442881343403184,0.699099999666214,0.11081705541738512,17.010494536487386,0.7843140747823724,0.5037500023841858,0.011278392158643138,24.549590048892423,4.7691443717953295,0.5114950001239776,0.007286585771670603,19.941499965731055,1.5607491455122249,0.7381699979305267,0.0893810731541825,17.35229385229759,1.2337152855525868,0.5149749994277955,0.006304728575033137,19.61801208528923,1.482833501422684,sde-euler-adaptive,diffusion_cosine_F
diffusion_cosine_F-sde-euler-pc,0.5469750046730042,0.013942827744748478,9.637697960110382,0.0762435280239905,0.5485200107097625,0.011338308734317433,10.000453731813469,0.06369074023654558,0.5009799927473069,0.004324993242646739,10.005375855916645,0.06453828664584688,0.5015199959278107,0.003151918374806469,9.944059966620989,0.053819715605056814,0.8590300023555756,0.07863262150970723,9.900810191547498,0.07652755396635594,0.7017750024795533,0.1074342308246227,9.807192879961804,0.1084085715230602,0.5195800065994263,0.017739466816713137,9.83597135017626,0.07321545093751905,0.5111049950122833,0.006576378044225147,9.760020970925689,0.08610565574060021,0.7385949969291687,0.08366115446677008,9.851786878658459,0.12803085446825235,0.515324991941452,0.005494552270384358,9.68763913330622,0.08903841901707664,sde-euler-pc,diffusion_cosine_F
diffusion_cosine_F-sde-sea,0.5132300019264221,0.013588403585605946,5.403442569449544,0.05662244974767687,0.5246699929237366,0.015641069896357794,5.560200704436284,0.06738761968489163,0.5006849944591523,0.0029345354175344318,5.575415920687374,0.04949472383979678,0.5005149930715561,0.003168438836808506,5.526511098805349,0.05675508220108886,0.8500050067901611,0.08540924541326407,5.513467264827341,0.053300599513036596,0.6909600019454956,0.11167667609378225,5.397326293028891,0.04423967201584861,0.5007700026035309,0.0028886225902162964,5.495011665439233,0.061837608428355645,0.511725002527237,0.005009592124617573,5.450840477179736,0.061856238260169755,0.7294749975204468,0.08727022452066413,5.4793888831976805,0.06272668039387523,0.5135949909687042,0.005142392850097914,5.359707275405526,0.07474842026510137,sde-sea,diffusion_cosine_F
diffusion_cosine_F-sde-shark,0.5162649869918823,0.011374617476010832,10.65013464493677,0.07069326929446859,0.523089998960495,0.015742102686466166,10.996226810105146,0.057720979237205,0.5007349997758865,0.004493883432784355,10.757772239798214,0.08604031421225199,0.5007399976253509,0.0024665470384058943,10.810608752805274,0.158833335056713,0.855475002527237,0.08063166972990092,10.890256487345322,0.06448600886071583,0.6912699997425079,0.11147315870951775,10.677983031421899,0.043893563058378375,0.501515007019043,0.0057405603737929155,10.829458474228158,0.05136689146356108,0.5094900012016297,0.00544301437364209,10.770012357039377,0.07133509540283192,0.7340149939060211,0.0870278436304462,10.87559594376944,0.12121408124530154,0.514139997959137,0.005404435414421881,10.516334899782668,0.05502947692817773,sde-shark,diffusion_cosine_F
diffusion_cosine_F-sde-two_step-adaptive,0.5218500018119812,0.0118457382593106,3.9442115380894394,0.24693998444273135,0.5217999935150146,0.013681796503679311,4.227435306680855,0.18741198498823872,0.5024499952793121,0.004343561870555894,3.4272122783004306,0.027314116913151172,0.5007849991321563,0.003208584574023572,3.628348976711277,0.08179629828769214,0.8558649957180023,0.08061222447285651,4.304063351405785,0.15261843102446848,0.6934949934482575,0.11074342489336486,4.60703910770826,0.33415992003543615,0.5014550060033798,0.004052256326104172,4.411225865827873,0.35877525179664943,0.5104450136423111,0.009124541536067983,3.91561943734996,0.11070326054722118,0.734009999036789,0.08645686013999093,4.74256441378966,0.3229132722689688,0.51390500664711,0.004478749527456715,3.8168434254243038,0.10490143164832608,sde-two_step-adaptive,diffusion_cosine_F
diffusion_cosine_F-sde-langevin,0.6692349970340729,0.018791255552657937,17.87397940880619,0.06547282459844259,0.7410549938678741,0.04165588374962367,18.36324662460247,0.064385602559485,0.515149998664856,0.004943386676851345,17.905224459711462,0.0605083067536994,0.5277500033378602,0.0029190712646454432,17.830015988391825,0.0616677631354341,0.9421599984169007,0.027209707351850906,18.14737889082171,0.083865509861489,0.7578199923038482,0.10148285641608422,17.811586889903992,0.07396142660202851,0.6856549978256226,0.0464830430682469,18.012329418305306,0.044258000937913135,0.5908150017261505,0.008423726048043636,17.84273491692729,0.09496163652641876,0.7889249980449676,0.07041526352530011,18.076220677793025,0.8687024587370713,0.596135002374649,0.013368703749750964,17.473134582396597,0.07374348782965574,sde-langevin,diffusion_cosine_F
diffusion_cosine_F-sde-langevin-pc,0.7280399858951568,0.019871595305549605,107.07242551972158,0.3518123322743113,0.8304100096225738,0.03432744720611948,110.6187055307324,0.1379400208552199,0.5438850104808808,0.005771522720676265,107.7037320385105,0.07906359855626009,0.5570550084114074,0.004273609072267636,107.35109481160762,0.12239152829311607,0.9512900054454804,0.024457214402608216,109.52182402363978,0.09356145121692842,0.7926050007343293,0.09042845025726089,107.32055968032219,0.12239464918150263,0.7934549927711487,0.03133360162084528,108.71164458547719,0.11938993793296208,0.6076499998569489,0.007542243955242812,107.89076050426812,0.17925653188939195,0.8233099997043609,0.06314706570481392,108.23822718085721,0.2514657298210133,0.6165799975395203,0.014784407536136279,105.09661966450513,0.4321204704176191,sde-langevin-pc,diffusion_cosine_F
diffusion_cosine_v-ode-euler,0.5176249980926514,0.009194097915300918,4.402197342924774,0.05002966315114182,0.5204499959945679,0.009226942786216575,4.350853650225327,0.050492864229712164,0.500654998421669,0.002304501853351039,4.270076229423284,0.04720238812487556,0.5027550011873245,0.0025588452266010215,4.282695397362113,0.04898517413822953,0.8482599973678588,0.07095779746924599,4.31906469669193,0.04812080365472393,0.6622249960899353,0.09651822942355776,4.378071936313063,0.04975824389948834,0.5060300022363663,0.010518375090702328,4.302650117222219,0.05369634654944785,0.5116449952125549,0.007271875375781238,4.383447400387377,0.047609566793387445,0.7136599957942963,0.0914582107651165,4.3654474057257175,0.07539007881316903,0.5199700057506561,0.0062336251754661915,4.408142700465396,0.052904508790283716,ode-euler,diffusion_cosine_v
diffusion_cosine_v-ode-rk45,0.5201499998569489,0.008072172880880496,25.821387746185064,0.13227892217405315,0.526784998178482,0.01280705293064126,25.538096316438168,0.06427645545259544,0.49931499660015105,0.00359026835450369,24.969658432807773,0.057497432893011645,0.5036900013685226,0.003751446860853303,25.173680607555433,0.2431021767473661,0.8508150041103363,0.06783167515277212,25.288312927726658,0.09629344866227563,0.6623050034046173,0.10011276109914197,25.669898727163673,0.07836133013410787,0.5066500008106232,0.007159391211417684,25.20724155586213,0.13783435094022048,0.5131699919700623,0.007552460770323616,25.667652167845517,0.11591186093498813,0.7128949999809265,0.09295078171182643,25.540832660114393,0.13176593363533198,0.5227149903774262,0.00855675130008298,26.780579715408386,0.8739755517191633,ode-rk45,diffusion_cosine_v
diffusion_cosine_v-ode-tsit5,0.5222100079059601,0.008712942959912083,25.83695600600913,0.09864069674817927,0.5286099970340729,0.013463712225792792,25.53969104080461,0.06054508996695054,0.5005099922418594,0.004211400303853745,25.053992479201405,0.06653939828882723,0.5037550091743469,0.0036964474789083373,25.067816956853495,0.23241643994774938,0.8517899990081788,0.0676512497363065,25.302501427801324,0.04551524497357602,0.6630649924278259,0.09771679426353796,25.6642612290103,0.04182821995804919,0.5044899910688401,0.00986125172018565,25.29792023235932,0.19652351561102985,0.511175000667572,0.0066104665359201864,25.695153473317625,0.08221504481523977,0.7136249959468841,0.09068080314465499,25.4970393627882,0.12479793808881655,0.521055006980896,0.006506636150577587,26.41703449995257,0.6996389993843126,ode-tsit5,diffusion_cosine_v
diffusion_cosine_v-ode-rk45-adaptive,0.5187550008296966,0.010147182591672086,3.720829039392993,0.1821678868790923,0.5287100076675415,0.009785564350463941,3.5824544176924973,0.08458525967915177,0.49866999983787536,0.0037114830409618383,3.1415809907019137,0.05624536476753535,0.502444988489151,0.004108312770356092,3.092939755646512,0.07098941480905596,0.8517650008201599,0.06745270029283694,3.6410886891651897,0.05301881065836915,0.662880003452301,0.0989409926918464,4.0177322959527375,0.16912935429103085,0.5054400026798248,0.007319961356283627,4.287446113396436,0.26522072711814704,0.5130149990320205,0.008085454399986564,3.1384215383790433,0.08578665478426659,0.7144850015640258,0.09046010527896362,4.017561110248789,0.15007363333634777,0.5209250032901764,0.005535449564158019,3.3463568755425515,0.1639853898313075,ode-rk45-adaptive,diffusion_cosine_v
diffusion_cosine_v-ode-tsit5-adaptive,0.5228349983692169,0.00955272691906683,3.8503246083389966,0.09829352622146616,0.5268799901008606,0.014605419410025775,3.6217758177779613,0.07523178109092113,0.5029050022363662,0.0048415100923082394,3.1211244153790174,0.08805003224305269,0.5029550015926361,0.003959069088198424,3.133472919696942,0.09906396018049339,0.8514450013637542,0.06747206308202842,3.7223226820118724,0.06270131986987738,0.6617599844932556,0.09651777910562347,4.343647880246863,0.22994845135082395,0.5049200057983398,0.00956839601788349,4.417283152602613,0.27714472281765645,0.5117599964141846,0.006001751247730419,3.1682494409382342,0.054059667693805956,0.7138650000095368,0.09147324561116249,4.149294094648212,0.1309972959792031,0.5188850045204163,0.007954977701360638,3.4633720736019313,0.23180191339983466,ode-tsit5-adaptive,diffusion_cosine_v
diffusion_cosine_v-sde-euler,0.5214599907398224,0.011676631875887493,5.223009478207677,0.0442101116876526,0.5212599992752075,0.015681455366351734,5.163783734012395,0.048334026504323134,0.49950999915599825,0.002934266999461683,4.976792798470706,0.04059970206644806,0.5008400082588196,0.0037542548424622456,5.005975633021444,0.10080151657308781,0.8608049988746643,0.06816968278109493,5.1317486190237105,0.06719921263081968,0.6641950011253357,0.09495154251612332,5.19678253736347,0.05118149026082033,0.5037599980831147,0.006870941890688244,5.109047728590667,0.05961762382472227,0.5111100077629089,0.006986019416503674,5.098072786210105,0.041757323481059296,0.7124750018119812,0.08666816064181762,5.184100560145453,0.03937094158050265,0.517835009098053,0.005074354854414658,5.204949663113803,0.22934843571242972,sde-euler,diffusion_cosine_v
diffusion_cosine_v-sde-euler-adaptive,0.5928450047969818,0.05243489613987622,20.569624881679193,3.138900535162101,0.5215200066566468,0.014130036405957612,28.258583192247897,4.782009238560098,0.5018249988555908,0.003025082086553778,16.412600641418248,0.22210242896002605,0.5017749965190887,0.0035839417743775935,17.402239683270455,0.5742073386540743,0.8584299981594086,0.07101170437114934,24.154856128804386,3.0862381649682313,0.6664049923419952,0.09877942009201894,16.971614471124486,0.7732426448333931,0.5075250089168548,0.012486770657220815,24.181069341208786,4.68732345029325,0.5103600054979325,0.006693507051373906,19.67116308650002,1.767890591121558,0.7166599929332733,0.0913004998070778,16.831578120356426,0.539462536179911,0.5164049983024597,0.005487036308801828,20.080509099876508,1.4452839456023858,sde-euler-adaptive,diffusion_cosine_v
diffusion_cosine_v-sde-euler-pc,0.5461499989032745,0.012905868920019131,9.69990051011555,0.07662246292928021,0.544394987821579,0.01164928565271402,9.55213799723424,0.05907682612590497,0.5015149980783462,0.003952848334849462,9.177820248156786,0.037198547253258274,0.5018549948930741,0.002428415828913746,9.2095239399001,0.14495485654485488,0.8617500007152558,0.0675585436644967,9.455297332536428,0.0694227262256526,0.6692349970340729,0.09161483842443763,9.594556442275643,0.08093056303518514,0.5155650079250336,0.01152430268540138,9.436594911664724,0.062097704299502315,0.5096949934959412,0.004652885270652624,9.469412693660706,0.06367515270799654,0.7198600053787232,0.08300900227742712,9.578736592270435,0.10627768146127736,0.5171350061893463,0.005020061308533387,9.658373414957897,0.5737281242601662,sde-euler-pc,diffusion_cosine_v
diffusion_cosine_v-sde-sea,0.5158999979496002,0.009648035719854184,5.403385222516954,0.08926914898263649,0.523814994096756,0.011273160996967369,5.349513031402603,0.05119832844376145,0.5016199946403503,0.0034956471365435436,5.127905995864421,0.05036562067085639,0.5000250041484833,0.00415935351764371,5.192319777142257,0.1159993289953821,0.8549250066280365,0.07318117056991717,5.311204511718825,0.051191640351957765,0.6592249929904938,0.09411878299703627,5.4382356710731985,0.18026793995518808,0.5057100027799606,0.007028363261537438,5.289524964615703,0.04949358466481384,0.5093400001525878,0.0063914636416506345,5.296280412469059,0.07754664120686312,0.7122950077056884,0.08384856413629005,5.226555264694616,0.07674016764947461,0.5167250037193298,0.007391588991307664,5.5065898058936,0.25849808925843615,sde-sea,diffusion_cosine_v
diffusion_cosine_v-sde-shark,0.5155649960041047,0.012079259132830028,10.626961761387065,0.08815787537842401,0.5205050021409988,0.014543885994054494,10.536817752057686,0.07590217914368357,0.5015700042247773,0.0030244199899284153,10.13461378077045,0.05481178895426388,0.500504994392395,0.0035787861076551574,10.34836890879087,0.2854602122917965,0.8585749924182892,0.06945968175084155,10.462483038427308,0.09364857950957445,0.6600299954414368,0.09528820994596852,11.210874736728147,0.5007807607901474,0.5022399961948395,0.007918068256656842,10.378791002649814,0.11785720895623292,0.5105949938297272,0.007543152670865373,10.419144480861723,0.0549437617114038,0.7121599972248077,0.08632916929186153,10.236017125984654,0.06315962483687967,0.5150850027799606,0.00802948282338078,11.147872119117528,0.7141108986347079,sde-shark,diffusion_cosine_v
diffusion_cosine_v-sde-two_step-adaptive,0.5245949983596802,0.013352871489817288,3.9568210419267418,0.25830274245396073,0.5180599957704544,0.014556153803182348,4.027332784421742,0.14389010630716198,0.5004000008106232,0.004018584269182328,3.2491855659522115,0.04116462593388855,0.5019050002098083,0.0025783164879988755,3.5052540640346708,0.12829583746679887,0.8561599850654602,0.07139022906383506,4.166716591175645,0.11683819069461876,0.6584850013256073,0.0965997917474671,4.874126893049106,0.42448896301113676,0.5017500072717667,0.006828732130082381,4.174598516151309,0.2673742194912205,0.5102800041437149,0.006155822972323594,3.7929094325751067,0.11498350743434696,0.7116249978542328,0.0867431783099864,4.419978318409994,0.28849693566310686,0.5155099987983703,0.005100482385198586,3.9550158174708487,0.2089101371387812,sde-two_step-adaptive,diffusion_cosine_v
diffusion_cosine_v-sde-langevin,0.669584995508194,0.021014695888390503,17.63717948314734,0.08984068338939455,0.7394199967384338,0.044425760758914856,17.413537929579615,0.06820212448784892,0.5128700137138367,0.0035570440914242307,16.77946459604427,0.046229342080282405,0.5261900007724762,0.004433106828646937,17.001572623709215,0.32402450718922937,0.9448350012302399,0.02475579842473965,17.249680343363433,0.09072087211826031,0.7378300070762634,0.08493066434013136,18.392206556303428,1.1400103128844254,0.6862100005149842,0.044100615162631716,17.015383750479668,0.10734133338766927,0.5950800001621246,0.009753391562501088,17.081965960375964,0.11337722651176194,0.7710099935531616,0.07875137279004707,16.77376870084554,0.06873016909432526,0.5967449963092804,0.009523512036769148,17.6830623795744,0.34584224298627897,sde-langevin,diffusion_cosine_v
diffusion_cosine_v-sde-langevin-pc,0.7327550053596497,0.0185403615957233,106.58351861643605,0.20735605594885273,0.8302450001239776,0.03564681435744028,105.54325163918547,0.15166141479977613,0.5418149888515472,0.004282808918650823,101.16195151740685,0.0944133004778556,0.5544750034809113,0.006382753858064569,102.44789582868107,1.04291294424868,0.9538350045681,0.023310686370428,104.2137169743888,0.115477058588132,0.7860999882221222,0.06639360721522354,109.6821507211309,3.885791154520043,0.7952800035476685,0.03850015298105444,103.1532785625197,0.25843892573310023,0.6144200026988983,0.007859331161869538,103.13614298342728,0.3782488709998392,0.8129249930381774,0.06516491154647273,101.9610044751782,0.14928083807954268,0.61807000041008,0.011194983366499942,105.48281088164076,1.5673287157134252,sde-langevin-pc,diffusion_cosine_v
diffusion_cosine_noise-ode-euler,0.5506599962711334,0.010817251599941803,4.330904420407023,0.044699182789909635,0.5589899957180023,0.011393044661103607,4.333279520552606,0.054734310349586944,0.548090010881424,0.006855541789857529,4.4370154504198585,0.050533498626826046,0.5511949956417084,0.007025977762692766,4.3621865298599,0.04095870845191126,0.8592350006103515,0.07455067671530692,4.306439531908836,0.05341478864789052,0.7372200012207031,0.08176921273591733,4.401556243002415,0.17488942647401687,0.5269300043582916,0.021343356500098505,4.330653332802467,0.047678581932636264,0.5906299948692322,0.014629543405067698,4.300832469342277,0.03965374027401198,0.7750249922275543,0.09249778948746246,4.273247067129705,0.046505623751801235,0.6945949971675873,0.017351521496558,4.252546489238739,0.0491858447655185,ode-euler,diffusion_cosine_noise
diffusion_cosine_noise-ode-rk45,0.5308900117874146,0.008269092128584553,25.2155867681955,0.05673609629298228,0.5427799999713898,0.012530924212765299,25.307915029022844,0.09365306426420542,0.5174499988555908,0.0039694501011715575,26.674645878002046,0.8542621515504699,0.5192499935626984,0.006025037619715921,25.558164647826924,0.04410762243881226,0.8550800085067749,0.07555352869760312,25.133176064526197,0.05362148355650073,0.720059996843338,0.08842222235279139,27.199177669081838,1.564473760486421,0.5122199952602386,0.015378124932672167,25.175001270580104,0.0625318355741271,0.547980010509491,0.011448433359841288,25.109371001739056,0.05898015639510836,0.7561899960041046,0.10027269402243674,26.350506108498667,1.5774040921072088,0.5954800069332122,0.009739697162381896,24.929361708043142,0.11208430132725007,ode-rk45,diffusion_cosine_noise
diffusion_cosine_noise-ode-tsit5,0.5297850012779236,0.008582573067159687,25.20463907024823,0.05357581850307326,0.5432049989700317,0.012800050973591288,26.388064565323294,1.1064427753878427,0.5162450015544892,0.004954606985311384,26.944848499819635,1.363394009251102,0.5198200047016144,0.004018038922690318,25.48356651496142,0.11366565966086328,0.8562299966812134,0.07540922749007783,25.178710599511398,0.06192503961232375,0.7213249981403351,0.09004684301032143,27.273556611780077,1.214848607662074,0.513494998216629,0.014434652703300034,25.23927529740613,0.05849769911463128,0.5478500008583069,0.007735183038119362,25.055818309821188,0.15715076587893248,0.7544450104236603,0.10065441812074194,26.62279917021515,1.0461911580986745,0.59930499792099,0.012746306655894192,24.873121527396144,0.10916770096363407,ode-tsit5,diffusion_cosine_noise
diffusion_cosine_noise-ode-rk45-adaptive,0.5304450035095215,0.010310737456218065,3.8718126034829767,0.12563678193257866,0.5432550072669983,0.014499820004812543,4.064172151684761,0.20342157508384376,0.5162999987602234,0.005606024015703564,3.780024960124865,0.21203036295774055,0.5186200022697449,0.005425091932876392,3.9776255465112627,0.264224071730283,0.8563800036907196,0.07476874203946524,4.188985072192736,0.7577489860115232,0.7201499998569488,0.08945194020168909,5.429608397651464,0.6503657094098704,0.516499999165535,0.013300265267182403,4.564732660597656,0.32194908427888264,0.5477349936962128,0.008783884390681165,3.7972841624170544,0.12265954260284459,0.7564750015735626,0.09999092168367726,6.100788546202239,1.5089531471610562,0.5984050035476685,0.010554823907351107,4.679487658943981,0.19104142162017065,ode-rk45-adaptive,diffusion_cosine_noise
diffusion_cosine_noise-ode-tsit5-adaptive,0.5316500008106232,0.007796474864863046,4.5743331324891185,0.17110002384369602,0.5436749994754791,0.0125844004870711,4.797555575985461,0.2676898679927235,0.5154250085353851,0.004657417707703443,4.729328539362177,0.2821643096448306,0.5200850069522858,0.003242532335335319,4.807008220488205,0.19877222661762628,0.857889997959137,0.07480995592297512,5.052592837566044,0.5240149426218433,0.7199149906635285,0.08966998883000811,6.460649342555553,0.8909025004220006,0.5122900038957596,0.013812063190311242,5.174543229909614,0.38010685961896984,0.5478949964046478,0.011119522261415523,4.768091873126105,0.10753378940857516,0.7566549897193908,0.09999900879168729,6.929676044115331,0.4866454811325284,0.5981500029563904,0.01025697002485932,5.548166538588703,0.15700952690818676,ode-tsit5-adaptive,diffusion_cosine_noise
diffusion_cosine_noise-sde-euler,0.5198149979114532,0.010824815095482145,5.092249900510069,0.05737075218270117,0.5254499971866607,0.012020378573298187,5.204105845931918,0.14924856138271184,0.4994199961423874,0.0028598266434981955,5.1539349352940915,0.19002710223494568,0.5018199980258942,0.0039329403195018835,4.995437613409012,0.037863402754948115,0.8561700046062469,0.0737586766762483,5.083975390077103,0.056938221649444724,0.6991049945354462,0.10134462970529962,5.189450921397656,0.28319698453583286,0.5047699958086014,0.005914264702848527,5.095414711197373,0.056705122323175,0.5112500011920929,0.006392101441219969,4.973100490961224,0.038887355369719906,0.7238150000572204,0.10763169797714657,5.5489148434251545,0.1652551564044036,0.5159099996089935,0.006030957282892868,4.983414866821841,0.045742615661947116,sde-euler,diffusion_cosine_noise
diffusion_cosine_noise-sde-euler-adaptive,0.6005749881267548,0.053425176140291096,20.21556857379619,3.2141591381735863,0.5231900095939637,0.012365556207651457,31.96450395975262,5.760842821550301,0.501830005645752,0.0036438460025206665,16.73737909910269,0.7528612218806929,0.5003299921751022,0.005996628417633531,16.430245867278426,0.3564031534899307,0.8547650098800659,0.07365176598695619,24.22563810372958,3.052373452244798,0.7006650030612945,0.10329511731827054,17.294075508601964,2.0520606610096954,0.5041799932718277,0.009598208462151214,23.974794281297363,4.89282898149402,0.509715011715889,0.007726975558480544,18.873512036073954,1.6024917670828536,0.7305399954319001,0.10574204744458351,16.673281039507128,1.1842349993130246,0.5149400055408477,0.005744517845230159,18.67524866000749,1.4333721337596421,sde-euler-adaptive,diffusion_cosine_noise
diffusion_cosine_noise-sde-euler-pc,0.5435800075531005,0.011629581789128417,9.419646920519881,0.05719836074255437,0.5492399990558624,0.011462860092742787,10.210902960319071,0.949042249809963,0.5009849935770034,0.0037657010682830352,9.449666076013818,0.2458848922060647,0.5031549990177154,0.004561442085496227,9.234536803467199,0.06324677661383259,0.857829999923706,0.07210549273936037,9.397979860473423,0.05606084628534396,0.6998000085353852,0.10272864408798874,9.561115610506386,0.9071911400133048,0.5197150021791458,0.017494477561044677,9.436859933205415,0.06470708360559506,0.5127550035715103,0.008954237957577478,9.194748855708166,0.05525763109060896,0.7300599992275238,0.10213440995215474,9.783380418806336,0.4672190130338794,0.5159200012683869,0.008636143553028112,9.196973477164283,0.0573308291060073,sde-euler-pc,diffusion_cosine_noise
diffusion_cosine_noise-sde-sea,0.5119900077581405,0.01089558302575561,5.270021695096512,0.03782230154536975,0.5198649942874909,0.012595240197939107,6.167003716994077,0.4711087279322663,0.5008799999952316,0.002612397033635893,5.336713393777609,0.18483828490549206,0.5009900033473969,0.004630111190584982,5.141038178326562,0.07056065334475863,0.8493300020694733,0.08021366931834353,5.258623529411852,0.047204159694321526,0.6977650046348571,0.1002078273030385,5.502208360377699,0.5486757004587235,0.502960005402565,0.007149615058231526,5.283820297720377,0.06508995444403078,0.5095999926328659,0.006731486231497478,5.1647729692049325,0.039379480979912194,0.7227899968624115,0.10656283268335034,5.496624349395279,0.25426726946063033,0.5157499969005584,0.007759417827687261,5.133156624250114,0.06549183604516345,sde-sea,diffusion_cosine_noise
diffusion_cosine_noise-sde-shark,0.5136249959468842,0.013843931816882083,10.357645717076958,0.08177052767091658,0.5223500072956085,0.012910188124062383,12.252860814426095,1.0587872802532405,0.5023600041866303,0.0040478893979117025,10.858636673353612,0.41595841921831883,0.5021099984645844,0.004197372017942126,10.090446352213622,0.08463061856963075,0.8542549908161163,0.07586464063856033,10.349202228093054,0.07503345777335366,0.6964299976825714,0.10228887935977138,11.60887877335772,0.606941721099284,0.503455001115799,0.006073197384019024,10.398092218500096,0.03932216176993709,0.5112149983644485,0.009480579380830051,10.169073948916047,0.03128126236703187,0.725665009021759,0.10722547327733094,10.679086773702874,0.4143723995749888,0.516269999742508,0.008783797148542886,10.378015713486821,0.14646950690789462,sde-shark,diffusion_cosine_noise
diffusion_cosine_noise-sde-two_step-adaptive,0.5195500016212463,0.011222599716020678,3.8395760553074068,0.20377069015766927,0.5264249980449677,0.0157623885361142,4.521811654604972,0.4174675644038144,0.5001550018787384,0.0029338950743637506,3.3788308253511787,0.1946395799549534,0.501655000448227,0.0033947330318053162,3.45301288026385,0.08132815507514782,0.8560599982738495,0.07461556113445351,4.218925088085234,0.14144206545714322,0.6975600004196167,0.10147756209084004,5.382370447460562,0.9506416560862734,0.5031599968671798,0.007865480958286309,4.226837951992638,0.3529524934384015,0.5106999993324279,0.006235903244382117,3.7250029380898924,0.05874705557025026,0.7233899891376495,0.10531342270553624,4.678849426424131,0.47746496137065436,0.516334992647171,0.0076228877551584515,3.7465778751298786,0.0768373016879332,sde-two_step-adaptive,diffusion_cosine_noise
diffusion_cosine_noise-sde-langevin,0.6692900002002716,0.02194443186876868,17.191223289095795,0.05724200013261764,0.7409000039100647,0.043331023331341444,18.96511170370504,0.9503240443458376,0.5121299982070923,0.00609889694063073,17.367232762416826,0.35137543394586634,0.5287300050258636,0.005964529075269299,16.769635453261436,0.1914676509846075,0.9447049975395203,0.023936620946805782,17.11198358400725,0.06882673608190973,0.7586250007152557,0.09021857976285141,17.56590773286298,1.0392795629212028,0.6862900018692016,0.04472443663051953,17.20113539189333,0.05082623121896618,0.5937899947166443,0.014249792060705747,16.743969149980693,0.05452574874055358,0.7745700001716613,0.09103056973350168,18.167899875924924,1.3797877338157074,0.6005850017070771,0.008475027598128003,16.880881346808746,0.08167468584398234,sde-langevin,diffusion_cosine_noise
diffusion_cosine_noise-sde-langevin-pc,0.7297450006008148,0.01875771148525172,103.87910363500706,0.13134622285356265,0.8321199893951416,0.03311930376817852,117.2250629699789,4.94199710191846,0.5415199935436249,0.005358650074207554,105.62508914936333,1.5039888260866559,0.5516600012779236,0.0027877322487699953,100.23876381493173,0.14323615245450633,0.953235000371933,0.020716193741688153,111.72387473711278,5.519095212250868,0.7965350031852723,0.07715878577869861,110.1101916283369,6.780449761093711,0.7964050114154816,0.03613052619215883,104.16232083617942,0.22361970321811742,0.6067449986934662,0.010647950545068683,101.29013155279681,0.2461181919970191,0.8131850063800812,0.0723368437199156,107.3057121905731,1.5955844973722753,0.6186800062656402,0.009937831079958439,101.98461097604596,0.2526219062294186,sde-langevin-pc,diffusion_cosine_noise
